[debug] [2026-04-23T19:03:32.158Z] ----------------------------------------------------------------------
[debug] [2026-04-23T19:03:32.160Z] Command:       C:\Program Files\nodejs\node.exe C:\Users\golcu\AppData\Roaming\npm\node_modules\firebase-tools\lib\bin\firebase.js emulators:start --only firestore functions
[debug] [2026-04-23T19:03:32.160Z] CLI Version:   15.15.0
[debug] [2026-04-23T19:03:32.161Z] Platform:      win32
[debug] [2026-04-23T19:03:32.161Z] Node Version:  v22.18.0
[debug] [2026-04-23T19:03:32.161Z] Time:          Thu Apr 23 2026 22:03:32 GMT+0300 (Doğu Avrupa Yaz Saati)
[debug] [2026-04-23T19:03:32.161Z] ----------------------------------------------------------------------
[debug] 
[debug] [2026-04-23T19:03:33.139Z] > command requires scopes: ["email","openid","https://www.googleapis.com/auth/cloudplatformprojects.readonly","https://www.googleapis.com/auth/firebase","https://www.googleapis.com/auth/cloud-platform"]
[debug] [2026-04-23T19:03:33.139Z] > authorizing via signed-in user (golcucagla@gmail.com)
[debug] [2026-04-23T19:03:33.926Z] openjdk version "21.0.8" 2025-07-15 LTS
OpenJDK Runtime Environment Microsoft-11933218 (build 21.0.8+9-LTS)

[debug] [2026-04-23T19:03:33.927Z] OpenJDK 64-Bit Server VM Microsoft-11933218 (build 21.0.8+9-LTS, mixed mode, sharing)

[debug] [2026-04-23T19:03:33.937Z] Parsed Java major version: 21
[info] i  emulators: Starting emulators: functions, firestore {"metadata":{"emulator":{"name":"hub"},"message":"Starting emulators: functions, firestore"}}
[debug] [2026-04-23T19:03:33.946Z] [logging] Logging Emulator only supports listening on one address (127.0.0.1). Not listening on ::1
[debug] [2026-04-23T19:03:33.946Z] [firestore] Firestore Emulator only supports listening on one address (127.0.0.1). Not listening on ::1
[debug] [2026-04-23T19:03:33.946Z] [firestore.websocket] websocket server for firestore only supports listening on one address (127.0.0.1). Not listening on ::1
[debug] [2026-04-23T19:03:33.946Z] assigned listening specs for emulators {"user":{"hub":[{"address":"127.0.0.1","family":"IPv4","port":4400},{"address":"::1","family":"IPv6","port":4400}],"ui":[{"address":"127.0.0.1","family":"IPv4","port":4000},{"address":"::1","family":"IPv6","port":4000}],"logging":[{"address":"127.0.0.1","family":"IPv4","port":4500}],"firestore":[{"address":"127.0.0.1","family":"IPv4","port":8080}],"firestore.websocket":[{"address":"127.0.0.1","family":"IPv4","port":9150}]},"metadata":{"message":"assigned listening specs for emulators"}}
[debug] [2026-04-23T19:03:33.949Z] Write emulator hub locator at C:\Users\golcu\AppData\Local\Temp\hub-arrivio-271aa.json
[debug] [2026-04-23T19:03:33.958Z] [functions] Functions Emulator only supports listening on one address (127.0.0.1). Not listening on ::1
[debug] [2026-04-23T19:03:33.958Z] [eventarc] Eventarc Emulator only supports listening on one address (127.0.0.1). Not listening on ::1
[debug] [2026-04-23T19:03:33.958Z] [tasks] Cloud Tasks Emulator only supports listening on one address (127.0.0.1). Not listening on ::1
[debug] [2026-04-23T19:03:33.958Z] late-assigned ports for functions and eventarc emulators {"user":{"hub":[{"address":"127.0.0.1","family":"IPv4","port":4400},{"address":"::1","family":"IPv6","port":4400}],"ui":[{"address":"127.0.0.1","family":"IPv4","port":4000},{"address":"::1","family":"IPv6","port":4000}],"logging":[{"address":"127.0.0.1","family":"IPv4","port":4500}],"firestore":[{"address":"127.0.0.1","family":"IPv4","port":8080}],"firestore.websocket":[{"address":"127.0.0.1","family":"IPv4","port":9150}],"functions":[{"address":"127.0.0.1","family":"IPv4","port":5001}],"eventarc":[{"address":"127.0.0.1","family":"IPv4","port":9299}],"tasks":[{"address":"127.0.0.1","family":"IPv4","port":9499}]},"metadata":{"message":"late-assigned ports for functions and eventarc emulators"}}
[warn] !  functions: The following emulators are not running, calls to these services from the Functions emulator will affect production: apphosting, auth, database, hosting, pubsub, storage, dataconnect {"metadata":{"emulator":{"name":"functions"},"message":"The following emulators are not running, calls to these services from the Functions emulator will affect production: \u001b[1mapphosting, auth, database, hosting, pubsub, storage, dataconnect\u001b[22m"}}
[debug] [2026-04-23T19:03:33.978Z] defaultcredentials: writing to file C:\Users\golcu\AppData\Roaming\firebase\golcucagla_gmail_com_application_default_credentials.json
[debug] [2026-04-23T19:03:33.980Z] Setting GAC to C:\Users\golcu\AppData\Roaming\firebase\golcucagla_gmail_com_application_default_credentials.json {"metadata":{"emulator":{"name":"functions"},"message":"Setting GAC to C:\\Users\\golcu\\AppData\\Roaming\\firebase\\golcucagla_gmail_com_application_default_credentials.json"}}
[debug] [2026-04-23T19:03:33.981Z] Checked if tokens are valid: true, expires at: 1776974360831
[debug] [2026-04-23T19:03:33.981Z] Checked if tokens are valid: true, expires at: 1776974360831
[debug] [2026-04-23T19:03:33.982Z] >>> [apiv2][query] GET https://firebase.googleapis.com/v1beta1/projects/arrivio-271aa/adminSdkConfig [none]
[debug] [2026-04-23T19:03:34.527Z] <<< [apiv2][status] GET https://firebase.googleapis.com/v1beta1/projects/arrivio-271aa/adminSdkConfig 200
[debug] [2026-04-23T19:03:34.527Z] <<< [apiv2][body] GET https://firebase.googleapis.com/v1beta1/projects/arrivio-271aa/adminSdkConfig {"projectId":"arrivio-271aa","storageBucket":"arrivio-271aa.firebasestorage.app"}
[debug] [2026-04-23T19:03:34.543Z] Ignoring unsupported arg: auto_download {"metadata":{"emulator":{"name":"firestore"},"message":"Ignoring unsupported arg: auto_download"}}
[debug] [2026-04-23T19:03:34.543Z] Ignoring unsupported arg: single_project_mode_error {"metadata":{"emulator":{"name":"firestore"},"message":"Ignoring unsupported arg: single_project_mode_error"}}
[debug] [2026-04-23T19:03:34.543Z] Starting Firestore Emulator with command {"binary":"java","args":["-Dgoogle.cloud_firestore.debug_log_level=FINE","-Duser.language=en","-jar","C:\\Users\\golcu\\.cache\\firebase\\emulators\\cloud-firestore-emulator-v1.20.4.jar","--host","127.0.0.1","--port",8080,"--websocket_port",9150,"--database-edition","standard","--project_id","arrivio-271aa","--rules","C:\\Users\\golcu\\arrivio\\firestore.rules","--single_project_mode",true,"--functions_emulator","127.0.0.1:5001"],"optionalArgs":["port","webchannel_port","host","rules","websocket_port","database-edition","functions_emulator","seed_from_export","project_id","single_project_mode"],"joinArgs":false,"shell":false,"port":8080} {"metadata":{"emulator":{"name":"firestore"},"message":"Starting Firestore Emulator with command {\"binary\":\"java\",\"args\":[\"-Dgoogle.cloud_firestore.debug_log_level=FINE\",\"-Duser.language=en\",\"-jar\",\"C:\\\\Users\\\\golcu\\\\.cache\\\\firebase\\\\emulators\\\\cloud-firestore-emulator-v1.20.4.jar\",\"--host\",\"127.0.0.1\",\"--port\",8080,\"--websocket_port\",9150,\"--database-edition\",\"standard\",\"--project_id\",\"arrivio-271aa\",\"--rules\",\"C:\\\\Users\\\\golcu\\\\arrivio\\\\firestore.rules\",\"--single_project_mode\",true,\"--functions_emulator\",\"127.0.0.1:5001\"],\"optionalArgs\":[\"port\",\"webchannel_port\",\"host\",\"rules\",\"websocket_port\",\"database-edition\",\"functions_emulator\",\"seed_from_export\",\"project_id\",\"single_project_mode\"],\"joinArgs\":false,\"shell\":false,\"port\":8080}"}}
[info] i  firestore: Firestore Emulator logging to firestore-debug.log {"metadata":{"emulator":{"name":"firestore"},"message":"Firestore Emulator logging to \u001b[1mfirestore-debug.log\u001b[22m"}}
[debug] [2026-04-23T19:03:36.003Z] Apr 23, 2026 10:03:35 PM com.google.cloud.datastore.emulator.firestore.websocket.WebSocketServer start
INFO: Started WebSocket server on ws://127.0.0.1:9150
 {"metadata":{"emulator":{"name":"firestore"},"message":"Apr 23, 2026 10:03:35 PM com.google.cloud.datastore.emulator.firestore.websocket.WebSocketServer start\r\nINFO: Started WebSocket server on ws://127.0.0.1:9150\r\n"}}
[debug] [2026-04-23T19:03:36.041Z] 
API endpoint: http:// {"metadata":{"emulator":{"name":"firestore"},"message":"\nAPI endpoint: http://"}}
[debug] [2026-04-23T19:03:36.041Z] 127.0.0.1:8080
Database Edition: STANDARD
Database Mode: CLOUD_FIRESTORE

If you are using a library that supports the FIRESTORE_EMULATOR_HOST environment variable, run:

   export FIRESTORE_EMULATOR_HOST=127.0.0.1:8080

If you are running a Firestore in Datastore Mode project, run:

   export DATASTORE_EMULATOR_HOST=127.0.0.1:8080

Note: Support for Datastore Mode is in preview. If you encounter any bugs please file at https://github.com/firebase/firebase-tools/issues.
Dev App Server is now running.

 {"metadata":{"emulator":{"name":"firestore"},"message":"127.0.0.1:8080\nDatabase Edition: STANDARD\nDatabase Mode: CLOUD_FIRESTORE\n\nIf you are using a library that supports the FIRESTORE_EMULATOR_HOST environment variable, run:\r\n\n   export FIRESTORE_EMULATOR_HOST=127.0.0.1:8080\n\nIf you are running a Firestore in Datastore Mode project, run:\r\n\n   export DATASTORE_EMULATOR_HOST=127.0.0.1:8080\n\nNote: Support for Datastore Mode is in preview. If you encounter any bugs please file at https://github.com/firebase/firebase-tools/issues.\r\nDev App Server is now running.\n\r\n"}}
[info] +  firestore: Firestore Emulator was started in standard edition. {"metadata":{"emulator":{"name":"firestore"},"message":"Firestore Emulator was started in standard edition."}}
[info] +  firestore: Firestore Emulator UI websocket is running on 9150. {"metadata":{"emulator":{"name":"firestore"},"message":"Firestore Emulator UI websocket is running on 9150."}}
[info] i  functions: Watching "C:\Users\golcu\arrivio\functions" for Cloud Functions... {"metadata":{"emulator":{"name":"functions"},"message":"Watching \"C:\\Users\\golcu\\arrivio\\functions\" for Cloud Functions..."}}
[debug] [2026-04-23T19:03:36.250Z] Validating nodejs source
[warn] !  functions: Couldn't find firebase-functions package in your source code. Have you run 'npm install'? 
[debug] [2026-04-23T19:03:36.251Z] getFunctionsSDKVersion encountered error: Cannot find module 'firebase-functions'
Require stack:
- C:\Users\golcu\AppData\Roaming\npm\node_modules\firebase-tools\lib\deploy\functions\runtimes\node\versioning.js
- C:\Users\golcu\AppData\Roaming\npm\node_modules\firebase-tools\lib\deploy\functions\runtimes\node\index.js
- C:\Users\golcu\AppData\Roaming\npm\node_modules\firebase-tools\lib\deploy\functions\runtimes\index.js
- C:\Users\golcu\AppData\Roaming\npm\node_modules\firebase-tools\lib\deploy\functions\prepare.js
- C:\Users\golcu\AppData\Roaming\npm\node_modules\firebase-tools\lib\emulator\functionsEmulatorShared.js
- C:\Users\golcu\AppData\Roaming\npm\node_modules\firebase-tools\lib\emulator\functionsEmulator.js
- C:\Users\golcu\AppData\Roaming\npm\node_modules\firebase-tools\lib\emulator\controller.js
- C:\Users\golcu\AppData\Roaming\npm\node_modules\firebase-tools\lib\commands\emulators-start.js
- C:\Users\golcu\AppData\Roaming\npm\node_modules\firebase-tools\lib\commands\index.js
- C:\Users\golcu\AppData\Roaming\npm\node_modules\firebase-tools\lib\index.js
- C:\Users\golcu\AppData\Roaming\npm\node_modules\firebase-tools\lib\bin\cli.js
- C:\Users\golcu\AppData\Roaming\npm\node_modules\firebase-tools\lib\bin\firebase.js {"code":"MODULE_NOT_FOUND","requireStack":["C:\\Users\\golcu\\AppData\\Roaming\\npm\\node_modules\\firebase-tools\\lib\\deploy\\functions\\runtimes\\node\\versioning.js","C:\\Users\\golcu\\AppData\\Roaming\\npm\\node_modules\\firebase-tools\\lib\\deploy\\functions\\runtimes\\node\\index.js","C:\\Users\\golcu\\AppData\\Roaming\\npm\\node_modules\\firebase-tools\\lib\\deploy\\functions\\runtimes\\index.js","C:\\Users\\golcu\\AppData\\Roaming\\npm\\node_modules\\firebase-tools\\lib\\deploy\\functions\\prepare.js","C:\\Users\\golcu\\AppData\\Roaming\\npm\\node_modules\\firebase-tools\\lib\\emulator\\functionsEmulatorShared.js","C:\\Users\\golcu\\AppData\\Roaming\\npm\\node_modules\\firebase-tools\\lib\\emulator\\functionsEmulator.js","C:\\Users\\golcu\\AppData\\Roaming\\npm\\node_modules\\firebase-tools\\lib\\emulator\\controller.js","C:\\Users\\golcu\\AppData\\Roaming\\npm\\node_modules\\firebase-tools\\lib\\commands\\emulators-start.js","C:\\Users\\golcu\\AppData\\Roaming\\npm\\node_modules\\firebase-tools\\lib\\commands\\index.js","C:\\Users\\golcu\\AppData\\Roaming\\npm\\node_modules\\firebase-tools\\lib\\index.js","C:\\Users\\golcu\\AppData\\Roaming\\npm\\node_modules\\firebase-tools\\lib\\bin\\cli.js","C:\\Users\\golcu\\AppData\\Roaming\\npm\\node_modules\\firebase-tools\\lib\\bin\\firebase.js"]}
[debug] [2026-04-23T19:03:36.252Z] checkFunctionsSDKVersion encountered error: Invalid Version:  {}
[debug] [2026-04-23T19:03:36.252Z] > [functions] package.json contents: {
  "name": "arrivio-functions",
  "private": true,
  "main": "lib/index.js",
  "engines": {
    "node": "20"
  },
  "scripts": {
    "build": "tsc -p tsconfig.json",
    "watch": "tsc -p tsconfig.json -w",
    "lint": "echo \"No lint configured\"",
    "serve": "firebase emulators:start --only functions",
    "deploy": "firebase deploy --only functions"
  },
  "dependencies": {
    "firebase-admin": "^12.7.0",
    "firebase-functions": "^6.4.0"
  },
  "devDependencies": {
    "typescript": "~5.9.2"
  }
}
[debug] [2026-04-23T19:03:36.252Z] Building nodejs source
[debug] [2026-04-23T19:03:36.253Z] Failed to find version of module node: reached end of search path C:\Users\golcu\arrivio\functions\node_modules
[warn] !  functions: Your requested "node" version "20" doesn't match your global version "22". Using node@22 from host. 
[debug] [2026-04-23T19:03:36.254Z] Could not parse firebase-functions version '' into semver.
[debug] [2026-04-23T19:03:36.255Z] Could not find functions.yaml. Must use http discovery
[error] !!  functions: Failed to load function definition from source: Error: Cannot find module 'firebase-functions'
Require stack:
- C:\Users\golcu\AppData\Roaming\npm\node_modules\firebase-tools\lib\deploy\functions\runtimes\node\index.js
- C:\Users\golcu\AppData\Roaming\npm\node_modules\firebase-tools\lib\deploy\functions\runtimes\index.js
- C:\Users\golcu\AppData\Roaming\npm\node_modules\firebase-tools\lib\deploy\functions\prepare.js
- C:\Users\golcu\AppData\Roaming\npm\node_modules\firebase-tools\lib\emulator\functionsEmulatorShared.js
- C:\Users\golcu\AppData\Roaming\npm\node_modules\firebase-tools\lib\emulator\functionsEmulator.js
- C:\Users\golcu\AppData\Roaming\npm\node_modules\firebase-tools\lib\emulator\controller.js
- C:\Users\golcu\AppData\Roaming\npm\node_modules\firebase-tools\lib\commands\emulators-start.js
- C:\Users\golcu\AppData\Roaming\npm\node_modules\firebase-tools\lib\commands\index.js
- C:\Users\golcu\AppData\Roaming\npm\node_modules\firebase-tools\lib\index.js
- C:\Users\golcu\AppData\Roaming\npm\node_modules\firebase-tools\lib\bin\cli.js
- C:\Users\golcu\AppData\Roaming\npm\node_modules\firebase-tools\lib\bin\firebase.js {"metadata":{"emulator":{"name":"functions"},"message":"Failed to load function definition from source: Error: Cannot find module 'firebase-functions'\nRequire stack:\n- C:\\Users\\golcu\\AppData\\Roaming\\npm\\node_modules\\firebase-tools\\lib\\deploy\\functions\\runtimes\\node\\index.js\n- C:\\Users\\golcu\\AppData\\Roaming\\npm\\node_modules\\firebase-tools\\lib\\deploy\\functions\\runtimes\\index.js\n- C:\\Users\\golcu\\AppData\\Roaming\\npm\\node_modules\\firebase-tools\\lib\\deploy\\functions\\prepare.js\n- C:\\Users\\golcu\\AppData\\Roaming\\npm\\node_modules\\firebase-tools\\lib\\emulator\\functionsEmulatorShared.js\n- C:\\Users\\golcu\\AppData\\Roaming\\npm\\node_modules\\firebase-tools\\lib\\emulator\\functionsEmulator.js\n- C:\\Users\\golcu\\AppData\\Roaming\\npm\\node_modules\\firebase-tools\\lib\\emulator\\controller.js\n- C:\\Users\\golcu\\AppData\\Roaming\\npm\\node_modules\\firebase-tools\\lib\\commands\\emulators-start.js\n- C:\\Users\\golcu\\AppData\\Roaming\\npm\\node_modules\\firebase-tools\\lib\\commands\\index.js\n- C:\\Users\\golcu\\AppData\\Roaming\\npm\\node_modules\\firebase-tools\\lib\\index.js\n- C:\\Users\\golcu\\AppData\\Roaming\\npm\\node_modules\\firebase-tools\\lib\\bin\\cli.js\n- C:\\Users\\golcu\\AppData\\Roaming\\npm\\node_modules\\firebase-tools\\lib\\bin\\firebase.js"}}
[debug] [2026-04-23T19:03:36.267Z] Could not find VSCode notification endpoint: FetchError: request to http://localhost:40001/vscode/notify failed, reason: . If you are not running the Firebase SQL Connect VSCode extension, this is expected and not an issue.
[info] 
┌─────────────────────────────────────────────────────────────┐
│ ✔  All emulators ready! It is now safe to connect your app. │
│ i  View Emulator UI at http://127.0.0.1:4000/               │
└─────────────────────────────────────────────────────────────┘

┌───────────┬────────────────┬─────────────────────────────────┐
│ Emulator  │ Host:Port      │ View in Emulator UI             │
├───────────┼────────────────┼─────────────────────────────────┤
│ Functions │ 127.0.0.1:5001 │ http://127.0.0.1:4000/functions │
├───────────┼────────────────┼─────────────────────────────────┤
│ Firestore │ 127.0.0.1:8080 │ http://127.0.0.1:4000/firestore │
└───────────┴────────────────┴─────────────────────────────────┘
  Emulator Hub host: 127.0.0.1 port: 4400
  Other reserved ports: 4500, 9150

Issues? Report them at https://github.com/firebase/firebase-tools/issues and attach the *-debug.log files.
 
[debug] [2026-04-23T19:04:09.686Z] [work-queue] {"queuedWork":["/arrivio-271aa/europe-west3/enterQueue-2026-04-23T19:04:09.686Z"],"queueLength":1,"runningWork":[],"workRunningCount":0}
[debug] [2026-04-23T19:04:09.686Z] [work-queue] {"queuedWork":[],"queueLength":0,"runningWork":["/arrivio-271aa/europe-west3/enterQueue-2026-04-23T19:04:09.686Z"],"workRunningCount":1}
[debug] [2026-04-23T19:04:09.687Z] [work-queue] {"queuedWork":[],"queueLength":0,"runningWork":[],"workRunningCount":0}
[debug] [2026-04-23T19:04:09.698Z] [work-queue] {"queuedWork":["/arrivio-271aa/europe-west3/enterQueue-2026-04-23T19:04:09.698Z"],"queueLength":1,"runningWork":[],"workRunningCount":0}
[debug] [2026-04-23T19:04:09.698Z] [work-queue] {"queuedWork":[],"queueLength":0,"runningWork":["/arrivio-271aa/europe-west3/enterQueue-2026-04-23T19:04:09.698Z"],"workRunningCount":1}
[debug] [2026-04-23T19:04:09.698Z] [work-queue] {"queuedWork":[],"queueLength":0,"runningWork":[],"workRunningCount":0}
[debug] [2026-04-23T19:04:09.702Z] [work-queue] {"queuedWork":["/arrivio-271aa/europe-west3/enterQueue-2026-04-23T19:04:09.702Z"],"queueLength":1,"runningWork":[],"workRunningCount":0}
[debug] [2026-04-23T19:04:09.702Z] [work-queue] {"queuedWork":[],"queueLength":0,"runningWork":["/arrivio-271aa/europe-west3/enterQueue-2026-04-23T19:04:09.702Z"],"workRunningCount":1}
[debug] [2026-04-23T19:04:09.702Z] [work-queue] {"queuedWork":[],"queueLength":0,"runningWork":[],"workRunningCount":0}
[debug] [2026-04-23T19:04:09.708Z] [work-queue] {"queuedWork":["/arrivio-271aa/europe-west3/enterQueue-2026-04-23T19:04:09.708Z"],"queueLength":1,"runningWork":[],"workRunningCount":0}
[debug] [2026-04-23T19:04:09.709Z] [work-queue] {"queuedWork":[],"queueLength":0,"runningWork":["/arrivio-271aa/europe-west3/enterQueue-2026-04-23T19:04:09.708Z"],"workRunningCount":1}
[debug] [2026-04-23T19:04:09.710Z] [work-queue] {"queuedWork":[],"queueLength":0,"runningWork":[],"workRunningCount":0}
[debug] [2026-04-23T19:04:09.715Z] [work-queue] {"queuedWork":["/arrivio-271aa/europe-west3/enterQueue-2026-04-23T19:04:09.715Z"],"queueLength":1,"runningWork":[],"workRunningCount":0}
[debug] [2026-04-23T19:04:09.715Z] [work-queue] {"queuedWork":[],"queueLength":0,"runningWork":["/arrivio-271aa/europe-west3/enterQueue-2026-04-23T19:04:09.715Z"],"workRunningCount":1}
[debug] [2026-04-23T19:04:09.715Z] [work-queue] {"queuedWork":[],"queueLength":0,"runningWork":[],"workRunningCount":0}
[debug] [2026-04-23T19:04:15.398Z] Apr 23, 2026 10:04:15 PM io.gapi.emulators.netty.HttpVersionRoutingHandler channelRead
INFO: Detected non-HTTP/2 connection.
 {"metadata":{"emulator":{"name":"firestore"},"message":"Apr 23, 2026 10:04:15 PM io.gapi.emulators.netty.HttpVersionRoutingHandler channelRead\r\nINFO: Detected non-HTTP/2 connection.\r\n"}}
[debug] [2026-04-23T19:04:15.543Z] Apr 23, 2026 10:04:15 PM io.gapi.emulators.netty.HttpVersionRoutingHandler channelRead
INFO: Detected HTTP/2 connection.
 {"metadata":{"emulator":{"name":"firestore"},"message":"Apr 23, 2026 10:04:15 PM io.gapi.emulators.netty.HttpVersionRoutingHandler channelRead\r\nINFO: Detected HTTP/2 connection.\r\n"}}
[debug] [2026-04-23T19:04:16.445Z] Apr 23, 2026 10:04:16 PM com.google.cloud.datastore.emulator.impl.util.WrappedStreamObserver onError
WARNING: Operation failed: 
false for 'create' @ L57, false for 'update' @ L59
com.google.cloud.datastore.core.exception.DatastoreException: 
false for 'create' @ L57, false for 'update' @ L59
	at com.google.cloud.datastore.core.exception.DatastoreException$Builder.build(DatastoreException.java:152)
	at com.google.cloud.datastore.emulator.impl.rules.DefaultEmulatorRulesAuthorizer.verboseError(DefaultEmulatorRulesAuthorizer.java:349)
	at com.google.cloud.datastore.emulator.impl.rules.DefaultEmulatorRulesAuthorizer.withVerboseErrors(DefaultEmulatorRulesAuthorizer.java:326)
	at com.google.cloud.datastore.emulator.impl.rules.DefaultEmulatorRulesAuthorizer.checkCommit(DefaultEmulatorRulesAuthorizer.java:114)
	at com.google.cloud.datastore.emulator.impl.firestore.FirestoreEmulatorHelper.commitHelper(FirestoreEmulatorHelper.java:385)
	at com.google.cloud.datastore.emulator.impl.firestore.FirestoreEmulatorHelper.internalCommit(FirestoreEmulatorHelper.java:339)
	at com.google.cloud.datastore.emulator.impl.firestore.CloudFirestoreV1.internalCommit(CloudFirestoreV1.java:1243)
	at com.google.cloud.datastore.emulator.impl.firestore.CloudFirestoreV1.updateDocument(CloudFirestoreV1.java:463)
	at com.google.cloud.datastore.emulator.impl.firestore.CloudFirestoreV1Router.updateDocument(CloudFirestoreV1Router.java:152)
	at com.google.cloud.datastore.emulator.firestore.v1.FirestoreV1GrpcAdapter$1.lambda$updateDocument$0(FirestoreV1GrpcAdapter.java:132)
	at com.google.cloud.datastore.emulator.firestore.v1.FirestoreV1GrpcAdapter.unary(FirestoreV1GrpcAdapter.java:72)
	at com.google.cloud.datastore.emulator.firestore.v1.FirestoreV1GrpcAdapter$1.updateDocument(FirestoreV1GrpcAdapter.java:132)
	at com.google.firestore.v1.FirestoreGrpc$MethodHandlers.invoke(FirestoreGrpc.java:1388)
	at io.grpc.stub.ServerCalls$UnaryServerCallHandler$UnaryServerCallListener.onHalfClose(ServerCalls.java:182)
	at io.grpc.PartialForwardingServerCallListener.onHalfClose(PartialForwardingServerCallListener.java:35)
	at io.grpc.ForwardingServerCallListener.onHalfClose(ForwardingServerCallListener.java:23)
	at io.grpc.ForwardingServerCallListener$SimpleForwardingServerCallListener.onHalfClose(ForwardingServerCallListener.java:40)
	at io.grpc.Contexts$ContextualizedServerCallListener.onHalfClose(Contexts.java:86)
	at io.grpc.PartialForwardingServerCallListener.onHalfClose(PartialForwardingServerCallListener.java:35)
	at io.grpc.ForwardingServerCallListener.onHalfClose(ForwardingServerCallListener.java:23)
	at io.grpc.ForwardingServerCallListener$SimpleForwardingServerCallListener.onHalfClose(ForwardingServerCallListener.java:40)
	at io.grpc.Contexts$ContextualizedServerCallListener.onHalfClose(Contexts.java:86)
	at io.grpc.internal.ServerCallImpl$ServerStreamListenerImpl.halfClosed(ServerCallImpl.java:356)
	at io.grpc.internal.ServerImpl$JumpToApplicationThreadServerStreamListener$1HalfClosed.runInContext(ServerImpl.java:861)
	at io.grpc.internal.ContextRunnable.run(ContextRunnable.java:37)
	at io.grpc.internal.SerializingExecutor.run(SerializingExecutor.java:133)
	at java.base/java.util.concurrent.ThreadPoolExecutor.runWorker(ThreadPoolExecutor.java:1144)
	at java.base/java.util.concurrent.ThreadPoolExecutor$Worker.run(ThreadPoolExecutor.java:642)
	at java.base/java.lang.Thread.run(Thread.java:1583)

 {"metadata":{"emulator":{"name":"firestore"},"message":"Apr 23, 2026 10:04:16 PM com.google.cloud.datastore.emulator.impl.util.WrappedStreamObserver onError\r\nWARNING: Operation failed: \nfalse for 'create' @ L57, false for 'update' @ L59\r\ncom.google.cloud.datastore.core.exception.DatastoreException: \nfalse for 'create' @ L57, false for 'update' @ L59\r\n\tat com.google.cloud.datastore.core.exception.DatastoreException$Builder.build(DatastoreException.java:152)\r\n\tat com.google.cloud.datastore.emulator.impl.rules.DefaultEmulatorRulesAuthorizer.verboseError(DefaultEmulatorRulesAuthorizer.java:349)\r\n\tat com.google.cloud.datastore.emulator.impl.rules.DefaultEmulatorRulesAuthorizer.withVerboseErrors(DefaultEmulatorRulesAuthorizer.java:326)\r\n\tat com.google.cloud.datastore.emulator.impl.rules.DefaultEmulatorRulesAuthorizer.checkCommit(DefaultEmulatorRulesAuthorizer.java:114)\r\n\tat com.google.cloud.datastore.emulator.impl.firestore.FirestoreEmulatorHelper.commitHelper(FirestoreEmulatorHelper.java:385)\r\n\tat com.google.cloud.datastore.emulator.impl.firestore.FirestoreEmulatorHelper.internalCommit(FirestoreEmulatorHelper.java:339)\r\n\tat com.google.cloud.datastore.emulator.impl.firestore.CloudFirestoreV1.internalCommit(CloudFirestoreV1.java:1243)\r\n\tat com.google.cloud.datastore.emulator.impl.firestore.CloudFirestoreV1.updateDocument(CloudFirestoreV1.java:463)\r\n\tat com.google.cloud.datastore.emulator.impl.firestore.CloudFirestoreV1Router.updateDocument(CloudFirestoreV1Router.java:152)\r\n\tat com.google.cloud.datastore.emulator.firestore.v1.FirestoreV1GrpcAdapter$1.lambda$updateDocument$0(FirestoreV1GrpcAdapter.java:132)\r\n\tat com.google.cloud.datastore.emulator.firestore.v1.FirestoreV1GrpcAdapter.unary(FirestoreV1GrpcAdapter.java:72)\r\n\tat com.google.cloud.datastore.emulator.firestore.v1.FirestoreV1GrpcAdapter$1.updateDocument(FirestoreV1GrpcAdapter.java:132)\r\n\tat com.google.firestore.v1.FirestoreGrpc$MethodHandlers.invoke(FirestoreGrpc.java:1388)\r\n\tat io.grpc.stub.ServerCalls$UnaryServerCallHandler$UnaryServerCallListener.onHalfClose(ServerCalls.java:182)\r\n\tat io.grpc.PartialForwardingServerCallListener.onHalfClose(PartialForwardingServerCallListener.java:35)\r\n\tat io.grpc.ForwardingServerCallListener.onHalfClose(ForwardingServerCallListener.java:23)\r\n\tat io.grpc.ForwardingServerCallListener$SimpleForwardingServerCallListener.onHalfClose(ForwardingServerCallListener.java:40)\r\n\tat io.grpc.Contexts$ContextualizedServerCallListener.onHalfClose(Contexts.java:86)\r\n\tat io.grpc.PartialForwardingServerCallListener.onHalfClose(PartialForwardingServerCallListener.java:35)\r\n\tat io.grpc.ForwardingServerCallListener.onHalfClose(ForwardingServerCallListener.java:23)\r\n\tat io.grpc.ForwardingServerCallListener$SimpleForwardingServerCallListener.onHalfClose(ForwardingServerCallListener.java:40)\r\n\tat io.grpc.Contexts$ContextualizedServerCallListener.onHalfClose(Contexts.java:86)\r\n\tat io.grpc.internal.ServerCallImpl$ServerStreamListenerImpl.halfClosed(ServerCallImpl.java:356)\r\n\tat io.grpc.internal.ServerImpl$JumpToApplicationThreadServerStreamListener$1HalfClosed.runInContext(ServerImpl.java:861)\r\n\tat io.grpc.internal.ContextRunnable.run(ContextRunnable.java:37)\r\n\tat io.grpc.internal.SerializingExecutor.run(SerializingExecutor.java:133)\r\n\tat java.base/java.util.concurrent.ThreadPoolExecutor.runWorker(ThreadPoolExecutor.java:1144)\r\n\tat java.base/java.util.concurrent.ThreadPoolExecutor$Worker.run(ThreadPoolExecutor.java:642)\r\n\tat java.base/java.lang.Thread.run(Thread.java:1583)\r\n\r\n"}}
[debug] [2026-04-23T19:04:16.455Z] Apr 23, 2026 10:04:16 PM io.gapi.emulators.netty.HttpHandler$1 onError
INFO: Exception when handling request: PERMISSION_DENIED: 
false for 'create' @ L57, false for 'update' @ L59
 {"metadata":{"emulator":{"name":"firestore"},"message":"Apr 23, 2026 10:04:16 PM io.gapi.emulators.netty.HttpHandler$1 onError\r\nINFO: Exception when handling request: PERMISSION_DENIED: \nfalse for 'create' @ L57, false for 'update' @ L59\r\n"}}
[debug] [2026-04-23T19:04:16.471Z] Apr 23, 2026 10:04:16 PM io.gapi.emulators.netty.HttpVersionRoutingHandler channelRead
INFO: Detected non-HTTP/2 connection.
 {"metadata":{"emulator":{"name":"firestore"},"message":"Apr 23, 2026 10:04:16 PM io.gapi.emulators.netty.HttpVersionRoutingHandler channelRead\r\nINFO: Detected non-HTTP/2 connection.\r\n"}}
[debug] [2026-04-23T19:04:16.494Z] Apr 23, 2026 10:04:16 PM com.google.cloud.datastore.emulator.impl.util.WrappedStreamObserver onError
WARNING: Operation failed: 
false for 'create' @ L57, false for 'update' @ L59
com.google.cloud.datastore.core.exception.DatastoreException: 
false for 'create' @ L57, false for 'update' @ L59
	at com.google.cloud.datastore.core.exception.DatastoreException$Builder.build(DatastoreException.java:152)
	at com.google.cloud.datastore.emulator.impl.rules.DefaultEmulatorRulesAuthorizer.verboseError(DefaultEmulatorRulesAuthorizer.java:349)
	at com.google.cloud.datastore.emulator.impl.rules.DefaultEmulatorRulesAuthorizer.withVerboseErrors(DefaultEmulatorRulesAuthorizer.java:326)
	at com.google.cloud.datastore.emulator.impl.rules.DefaultEmulatorRulesAuthorizer.checkCommit(DefaultEmulatorRulesAuthorizer.java:114)
	at com.google.cloud.datastore.emulator.impl.firestore.FirestoreEmulatorHelper.commitHelper(FirestoreEmulatorHelper.java:385)
	at com.google.cloud.datastore.emulator.impl.firestore.FirestoreEmulatorHelper.internalCommit(FirestoreEmulatorHelper.java:339)
	at com.google.cloud.datastore.emulator.impl.firestore.CloudFirestoreV1.internalCommit(CloudFirestoreV1.java:1243)
	at com.google.cloud.datastore.emulator.impl.firestore.CloudFirestoreV1.updateDocument(CloudFirestoreV1.java:463)
	at com.google.cloud.datastore.emulator.impl.firestore.CloudFirestoreV1Router.updateDocument(CloudFirestoreV1Router.java:152)
	at com.google.cloud.datastore.emulator.firestore.v1.FirestoreV1GrpcAdapter$1.lambda$updateDocument$0(FirestoreV1GrpcAdapter.java:132)
	at com.google.cloud.datastore.emulator.firestore.v1.FirestoreV1GrpcAdapter.unary(FirestoreV1GrpcAdapter.java:72)
	at com.google.cloud.datastore.emulator.firestore.v1.FirestoreV1GrpcAdapter$1.updateDocument(FirestoreV1GrpcAdapter.java:132)
	at com.google.firestore.v1.FirestoreGrpc$MethodHandlers.invoke(FirestoreGrpc.java:1388)
	at io.grpc.stub.ServerCalls$UnaryServerCallHandler$UnaryServerCallListener.onHalfClose(ServerCalls.java:182)
	at io.grpc.PartialForwardingServerCallListener.onHalfClose(PartialForwardingServerCallListener.java:35)
	at io.grpc.ForwardingServerCallListener.onHalfClose(ForwardingServerCallListener.java:23)
	at io.grpc.ForwardingServerCallListener$SimpleForwardingServerCallListener.onHalfClose(ForwardingServerCallListener.java:40)
	at io.grpc.Contexts$ContextualizedServerCallListener.onHalfClose(Contexts.java:86)
	at io.grpc.PartialForwardingServerCallListener.onHalfClose(PartialForwardingServerCallListener.java:35)
	at io.grpc.ForwardingServerCallListener.onHalfClose(ForwardingServerCallListener.java:23)
	at io.grpc.ForwardingServerCallListener$SimpleForwardingServerCallListener.onHalfClose(ForwardingServerCallListener.java:40)
	at io.grpc.Contexts$ContextualizedServerCallListener.onHalfClose(Contexts.java:86)
	at io.grpc.internal.ServerCallImpl$ServerStreamListenerImpl.halfClosed(ServerCallImpl.java:356)
	at io.grpc.internal.ServerImpl$JumpToApplicationThreadServerStreamListener$1HalfClosed.runInContext(ServerImpl.java:861)
	at io.grpc.internal.ContextRunnable.run(ContextRunnable.java:37)
	at io.grpc.internal.SerializingExecutor.run(SerializingExecutor.java:133)
	at java.base/java.util.concurrent.ThreadPoolExecutor.runWorker(ThreadPoolExecutor.java:1144)
	at java.base/java.util.concurrent.ThreadPoolExecutor$Worker.run(ThreadPoolExecutor.java:642)
	at java.base/java.lang.Thread.run(Thread.java:1583)

 {"metadata":{"emulator":{"name":"firestore"},"message":"Apr 23, 2026 10:04:16 PM com.google.cloud.datastore.emulator.impl.util.WrappedStreamObserver onError\r\nWARNING: Operation failed: \nfalse for 'create' @ L57, false for 'update' @ L59\r\ncom.google.cloud.datastore.core.exception.DatastoreException: \nfalse for 'create' @ L57, false for 'update' @ L59\r\n\tat com.google.cloud.datastore.core.exception.DatastoreException$Builder.build(DatastoreException.java:152)\r\n\tat com.google.cloud.datastore.emulator.impl.rules.DefaultEmulatorRulesAuthorizer.verboseError(DefaultEmulatorRulesAuthorizer.java:349)\r\n\tat com.google.cloud.datastore.emulator.impl.rules.DefaultEmulatorRulesAuthorizer.withVerboseErrors(DefaultEmulatorRulesAuthorizer.java:326)\r\n\tat com.google.cloud.datastore.emulator.impl.rules.DefaultEmulatorRulesAuthorizer.checkCommit(DefaultEmulatorRulesAuthorizer.java:114)\r\n\tat com.google.cloud.datastore.emulator.impl.firestore.FirestoreEmulatorHelper.commitHelper(FirestoreEmulatorHelper.java:385)\r\n\tat com.google.cloud.datastore.emulator.impl.firestore.FirestoreEmulatorHelper.internalCommit(FirestoreEmulatorHelper.java:339)\r\n\tat com.google.cloud.datastore.emulator.impl.firestore.CloudFirestoreV1.internalCommit(CloudFirestoreV1.java:1243)\r\n\tat com.google.cloud.datastore.emulator.impl.firestore.CloudFirestoreV1.updateDocument(CloudFirestoreV1.java:463)\r\n\tat com.google.cloud.datastore.emulator.impl.firestore.CloudFirestoreV1Router.updateDocument(CloudFirestoreV1Router.java:152)\r\n\tat com.google.cloud.datastore.emulator.firestore.v1.FirestoreV1GrpcAdapter$1.lambda$updateDocument$0(FirestoreV1GrpcAdapter.java:132)\r\n\tat com.google.cloud.datastore.emulator.firestore.v1.FirestoreV1GrpcAdapter.unary(FirestoreV1GrpcAdapter.java:72)\r\n\tat com.google.cloud.datastore.emulator.firestore.v1.FirestoreV1GrpcAdapter$1.updateDocument(FirestoreV1GrpcAdapter.java:132)\r\n\tat com.google.firestore.v1.FirestoreGrpc$MethodHandlers.invoke(FirestoreGrpc.java:1388)\r\n\tat io.grpc.stub.ServerCalls$UnaryServerCallHandler$UnaryServerCallListener.onHalfClose(ServerCalls.java:182)\r\n\tat io.grpc.PartialForwardingServerCallListener.onHalfClose(PartialForwardingServerCallListener.java:35)\r\n\tat io.grpc.ForwardingServerCallListener.onHalfClose(ForwardingServerCallListener.java:23)\r\n\tat io.grpc.ForwardingServerCallListener$SimpleForwardingServerCallListener.onHalfClose(ForwardingServerCallListener.java:40)\r\n\tat io.grpc.Contexts$ContextualizedServerCallListener.onHalfClose(Contexts.java:86)\r\n\tat io.grpc.PartialForwardingServerCallListener.onHalfClose(PartialForwardingServerCallListener.java:35)\r\n\tat io.grpc.ForwardingServerCallListener.onHalfClose(ForwardingServerCallListener.java:23)\r\n\tat io.grpc.ForwardingServerCallListener$SimpleForwardingServerCallListener.onHalfClose(ForwardingServerCallListener.java:40)\r\n\tat io.grpc.Contexts$ContextualizedServerCallListener.onHalfClose(Contexts.java:86)\r\n\tat io.grpc.internal.ServerCallImpl$ServerStreamListenerImpl.halfClosed(ServerCallImpl.java:356)\r\n\tat io.grpc.internal.ServerImpl$JumpToApplicationThreadServerStreamListener$1HalfClosed.runInContext(ServerImpl.java:861)\r\n\tat io.grpc.internal.ContextRunnable.run(ContextRunnable.java:37)\r\n\tat io.grpc.internal.SerializingExecutor.run(SerializingExecutor.java:133)\r\n\tat java.base/java.util.concurrent.ThreadPoolExecutor.runWorker(ThreadPoolExecutor.java:1144)\r\n\tat java.base/java.util.concurrent.ThreadPoolExecutor$Worker.run(ThreadPoolExecutor.java:642)\r\n\tat java.base/java.lang.Thread.run(Thread.java:1583)\r\n\r\n"}}
[debug] [2026-04-23T19:04:16.496Z] Apr 23, 2026 10:04:16 PM io.gapi.emulators.netty.HttpHandler$1 onError
INFO: Exception when handling request: PERMISSION_DENIED: 
false for 'create' @ L57, false for 'update' @ L59
 {"metadata":{"emulator":{"name":"firestore"},"message":"Apr 23, 2026 10:04:16 PM io.gapi.emulators.netty.HttpHandler$1 onError\r\nINFO: Exception when handling request: PERMISSION_DENIED: \nfalse for 'create' @ L57, false for 'update' @ L59\r\n"}}
[debug] [2026-04-23T19:04:16.512Z] Apr 23, 2026 10:04:16 PM com.google.cloud.datastore.emulator.impl.util.WrappedStreamObserver onError
WARNING: Operation failed: 
false for 'create' @ L57, false for 'update' @ L59
com.google.cloud.datastore.core.exception.DatastoreException: 
false for 'create' @ L57, false for 'update' @ L59
	at com.google.cloud.datastore.core.exception.DatastoreException$Builder.build(DatastoreException.java:152)
	at com.google.cloud.datastore.emulator.impl.rules.DefaultEmulatorRulesAuthorizer.verboseError(DefaultEmulatorRulesAuthorizer.java:349)
	at com.google.cloud.datastore.emulator.impl.rules.DefaultEmulatorRulesAuthorizer.withVerboseErrors(DefaultEmulatorRulesAuthorizer.java:326)
	at com.google.cloud.datastore.emulator.impl.rules.DefaultEmulatorRulesAuthorizer.checkCommit(DefaultEmulatorRulesAuthorizer.java:114)
	at com.google.cloud.datastore.emulator.impl.firestore.FirestoreEmulatorHelper.commitHelper(FirestoreEmulatorHelper.java:385)
	at com.google.cloud.datastore.emulator.impl.firestore.FirestoreEmulatorHelper.internalCommit(FirestoreEmulatorHelper.java:339)
	at com.google.cloud.datastore.emulator.impl.firestore.CloudFirestoreV1.internalCommit(CloudFirestoreV1.java:1243)
	at com.google.cloud.datastore.emulator.impl.firestore.CloudFirestoreV1.updateDocument(CloudFirestoreV1.java:463)
	at com.google.cloud.datastore.emulator.impl.firestore.CloudFirestoreV1Router.updateDocument(CloudFirestoreV1Router.java:152)
	at com.google.cloud.datastore.emulator.firestore.v1.FirestoreV1GrpcAdapter$1.lambda$updateDocument$0(FirestoreV1GrpcAdapter.java:132)
	at com.google.cloud.datastore.emulator.firestore.v1.FirestoreV1GrpcAdapter.unary(FirestoreV1GrpcAdapter.java:72)
	at com.google.cloud.datastore.emulator.firestore.v1.FirestoreV1GrpcAdapter$1.updateDocument(FirestoreV1GrpcAdapter.java:132)
	at com.google.firestore.v1.FirestoreGrpc$MethodHandlers.invoke(FirestoreGrpc.java:1388)
	at io.grpc.stub.ServerCalls$UnaryServerCallHandler$UnaryServerCallListener.onHalfClose(ServerCalls.java:182)
	at io.grpc.PartialForwardingServerCallListener.onHalfClose(PartialForwardingServerCallListener.java:35)
	at io.grpc.ForwardingServerCallListener.onHalfClose(ForwardingServerCallListener.java:23)
	at io.grpc.ForwardingServerCallListener$SimpleForwardingServerCallListener.onHalfClose(ForwardingServerCallListener.java:40)
	at io.grpc.Contexts$ContextualizedServerCallListener.onHalfClose(Contexts.java:86)
	at io.grpc.PartialForwardingServerCallListener.onHalfClose(PartialForwardingServerCallListener.java:35)
	at io.grpc.ForwardingServerCallListener.onHalfClose(ForwardingServerCallListener.java:23)
	at io.grpc.ForwardingServerCallListener$SimpleForwardingServerCallListener.onHalfClose(ForwardingServerCallListener.java:40)
	at io.grpc.Contexts$ContextualizedServerCallListener.onHalfClose(Contexts.java:86)
	at io.grpc.internal.ServerCallImpl$ServerStreamListenerImpl.halfClosed(ServerCallImpl.java:356)
	at io.grpc.internal.ServerImpl$JumpToApplicationThreadServerStreamListener$1HalfClosed.runInContext(ServerImpl.java:861)
	at io.grpc.internal.ContextRunnable.run(ContextRunnable.java:37)
	at io.grpc.internal.SerializingExecutor.run(SerializingExecutor.java:133)
	at java.base/java.util.concurrent.ThreadPoolExecutor.runWorker(ThreadPoolExecutor.java:1144)
	at java.base/java.util.concurrent.ThreadPoolExecutor$Worker.run(ThreadPoolExecutor.java:642)
	at java.base/java.lang.Thread.run(Thread.java:1583)

 {"metadata":{"emulator":{"name":"firestore"},"message":"Apr 23, 2026 10:04:16 PM com.google.cloud.datastore.emulator.impl.util.WrappedStreamObserver onError\r\nWARNING: Operation failed: \nfalse for 'create' @ L57, false for 'update' @ L59\r\ncom.google.cloud.datastore.core.exception.DatastoreException: \nfalse for 'create' @ L57, false for 'update' @ L59\r\n\tat com.google.cloud.datastore.core.exception.DatastoreException$Builder.build(DatastoreException.java:152)\r\n\tat com.google.cloud.datastore.emulator.impl.rules.DefaultEmulatorRulesAuthorizer.verboseError(DefaultEmulatorRulesAuthorizer.java:349)\r\n\tat com.google.cloud.datastore.emulator.impl.rules.DefaultEmulatorRulesAuthorizer.withVerboseErrors(DefaultEmulatorRulesAuthorizer.java:326)\r\n\tat com.google.cloud.datastore.emulator.impl.rules.DefaultEmulatorRulesAuthorizer.checkCommit(DefaultEmulatorRulesAuthorizer.java:114)\r\n\tat com.google.cloud.datastore.emulator.impl.firestore.FirestoreEmulatorHelper.commitHelper(FirestoreEmulatorHelper.java:385)\r\n\tat com.google.cloud.datastore.emulator.impl.firestore.FirestoreEmulatorHelper.internalCommit(FirestoreEmulatorHelper.java:339)\r\n\tat com.google.cloud.datastore.emulator.impl.firestore.CloudFirestoreV1.internalCommit(CloudFirestoreV1.java:1243)\r\n\tat com.google.cloud.datastore.emulator.impl.firestore.CloudFirestoreV1.updateDocument(CloudFirestoreV1.java:463)\r\n\tat com.google.cloud.datastore.emulator.impl.firestore.CloudFirestoreV1Router.updateDocument(CloudFirestoreV1Router.java:152)\r\n\tat com.google.cloud.datastore.emulator.firestore.v1.FirestoreV1GrpcAdapter$1.lambda$updateDocument$0(FirestoreV1GrpcAdapter.java:132)\r\n\tat com.google.cloud.datastore.emulator.firestore.v1.FirestoreV1GrpcAdapter.unary(FirestoreV1GrpcAdapter.java:72)\r\n\tat com.google.cloud.datastore.emulator.firestore.v1.FirestoreV1GrpcAdapter$1.updateDocument(FirestoreV1GrpcAdapter.java:132)\r\n\tat com.google.firestore.v1.FirestoreGrpc$MethodHandlers.invoke(FirestoreGrpc.java:1388)\r\n\tat io.grpc.stub.ServerCalls$UnaryServerCallHandler$UnaryServerCallListener.onHalfClose(ServerCalls.java:182)\r\n\tat io.grpc.PartialForwardingServerCallListener.onHalfClose(PartialForwardingServerCallListener.java:35)\r\n\tat io.grpc.ForwardingServerCallListener.onHalfClose(ForwardingServerCallListener.java:23)\r\n\tat io.grpc.ForwardingServerCallListener$SimpleForwardingServerCallListener.onHalfClose(ForwardingServerCallListener.java:40)\r\n\tat io.grpc.Contexts$ContextualizedServerCallListener.onHalfClose(Contexts.java:86)\r\n\tat io.grpc.PartialForwardingServerCallListener.onHalfClose(PartialForwardingServerCallListener.java:35)\r\n\tat io.grpc.ForwardingServerCallListener.onHalfClose(ForwardingServerCallListener.java:23)\r\n\tat io.grpc.ForwardingServerCallListener$SimpleForwardingServerCallListener.onHalfClose(ForwardingServerCallListener.java:40)\r\n\tat io.grpc.Contexts$ContextualizedServerCallListener.onHalfClose(Contexts.java:86)\r\n\tat io.grpc.internal.ServerCallImpl$ServerStreamListenerImpl.halfClosed(ServerCallImpl.java:356)\r\n\tat io.grpc.internal.ServerImpl$JumpToApplicationThreadServerStreamListener$1HalfClosed.runInContext(ServerImpl.java:861)\r\n\tat io.grpc.internal.ContextRunnable.run(ContextRunnable.java:37)\r\n\tat io.grpc.internal.SerializingExecutor.run(SerializingExecutor.java:133)\r\n\tat java.base/java.util.concurrent.ThreadPoolExecutor.runWorker(ThreadPoolExecutor.java:1144)\r\n\tat java.base/java.util.concurrent.ThreadPoolExecutor$Worker.run(ThreadPoolExecutor.java:642)\r\n\tat java.base/java.lang.Thread.run(Thread.java:1583)\r\n\r\n"}}
[debug] [2026-04-23T19:04:16.513Z] Apr 23, 2026 10:04:16 PM io.gapi.emulators.netty.HttpHandler$1 onError
INFO: Exception when handling request: PERMISSION_DENIED: 
false for 'create' @ L57, false for 'update' @ L59
 {"metadata":{"emulator":{"name":"firestore"},"message":"Apr 23, 2026 10:04:16 PM io.gapi.emulators.netty.HttpHandler$1 onError\r\nINFO: Exception when handling request: PERMISSION_DENIED: \nfalse for 'create' @ L57, false for 'update' @ L59\r\n"}}
[debug] [2026-04-23T19:04:16.555Z] Apr 23, 2026 10:04:16 PM com.google.cloud.datastore.emulator.impl.util.WrappedStreamObserver onError
WARNING: Operation failed: 
false for 'list' @ L58
com.google.cloud.datastore.core.exception.DatastoreException: 
false for 'list' @ L58
	at com.google.cloud.datastore.core.exception.DatastoreException$Builder.build(DatastoreException.java:152)
	at com.google.cloud.datastore.emulator.impl.rules.DefaultEmulatorRulesAuthorizer.verboseError(DefaultEmulatorRulesAuthorizer.java:349)
	at com.google.cloud.datastore.emulator.impl.rules.DefaultEmulatorRulesAuthorizer.withVerboseErrors(DefaultEmulatorRulesAuthorizer.java:326)
	at com.google.cloud.datastore.emulator.impl.rules.DefaultEmulatorRulesAuthorizer.checkQuery(DefaultEmulatorRulesAuthorizer.java:193)
	at com.google.cloud.datastore.emulator.impl.firestore.FirestoreEmulatorHelper.ruleAuthorizeAndReadEntities(FirestoreEmulatorHelper.java:804)
	at com.google.cloud.datastore.emulator.impl.firestore.FirestoreEmulatorHelper.snapshotQuery(FirestoreEmulatorHelper.java:654)
	at com.google.cloud.datastore.emulator.impl.firestore.FirestoreEmulatorHelper.lambda$query$0(FirestoreEmulatorHelper.java:638)
	at com.google.cloud.datastore.emulator.impl.transactions.EmulatorTransactionManager$ReadOnlyTransaction.fold(EmulatorTransactionManager.java:429)
	at com.google.cloud.datastore.emulator.impl.firestore.FirestoreEmulatorHelper.query(FirestoreEmulatorHelper.java:636)
	at com.google.cloud.datastore.emulator.impl.firestore.CloudFirestoreV1.listDocuments(CloudFirestoreV1.java:374)
	at com.google.cloud.datastore.emulator.impl.firestore.CloudFirestoreV1Router.listDocuments(CloudFirestoreV1Router.java:139)
	at com.google.cloud.datastore.emulator.impl.firestore.CloudFirestoreV1Router.getOrListDocuments(CloudFirestoreV1Router.java:123)
	at com.google.cloud.datastore.emulator.firestore.v1.FirestoreV1GrpcAdapter$1.lambda$getOrListDocuments$0(FirestoreV1GrpcAdapter.java:108)
	at com.google.cloud.datastore.emulator.firestore.v1.FirestoreV1GrpcAdapter.unary(FirestoreV1GrpcAdapter.java:72)
	at com.google.cloud.datastore.emulator.firestore.v1.FirestoreV1GrpcAdapter$1.getOrListDocuments(FirestoreV1GrpcAdapter.java:108)
	at com.google.firestore.v1.FirestoreGrpc$MethodHandlers.invoke(FirestoreGrpc.java:1376)
	at io.grpc.stub.ServerCalls$UnaryServerCallHandler$UnaryServerCallListener.onHalfClose(ServerCalls.java:182)
	at io.grpc.PartialForwardingServerCallListener.onHalfClose(PartialForwardingServerCallListener.java:35)
	at io.grpc.ForwardingServerCallListener.onHalfClose(ForwardingServerCallListener.java:23)
	at io.grpc.ForwardingServerCallListener$SimpleForwardingServerCallListener.onHalfClose(ForwardingServerCallListener.java:40)
	at io.grpc.Contexts$ContextualizedServerCallListener.onHalfClose(Contexts.java:86)
	at io.grpc.PartialForwardingServerCallListener.onHalfClose(PartialForwardingServerCallListener.java:35)
	at io.grpc.ForwardingServerCallListener.onHalfClose(ForwardingServerCallListener.java:23)
	at io.grpc.ForwardingServerCallListener$SimpleForwardingServerCallListener.onHalfClose(ForwardingServerCallListener.java:40)
	at io.grpc.Contexts$ContextualizedServerCallListener.onHalfClose(Contexts.java:86)
	at io.grpc.internal.ServerCallImpl$ServerStreamListenerImpl.halfClosed(ServerCallImpl.java:356)
	at io.grpc.internal.ServerImpl$JumpToApplicationThreadServerStreamListener$1HalfClosed.runInContext(ServerImpl.java:861)
	at io.grpc.internal.ContextRunnable.run(ContextRunnable.java:37)
	at io.grpc.internal.SerializingExecutor.run(SerializingExecutor.java:133)
	at java.base/java.util.concurrent.ThreadPoolExecutor.runWorker(ThreadPoolExecutor.java:1144)
	at java.base/java.util.concurrent.ThreadPoolExecutor$Worker.run(ThreadPoolExecutor.java:642)
	at java.base/java.lang.Thread.run(Thread.java:1583)

 {"metadata":{"emulator":{"name":"firestore"},"message":"Apr 23, 2026 10:04:16 PM com.google.cloud.datastore.emulator.impl.util.WrappedStreamObserver onError\r\nWARNING: Operation failed: \nfalse for 'list' @ L58\r\ncom.google.cloud.datastore.core.exception.DatastoreException: \nfalse for 'list' @ L58\r\n\tat com.google.cloud.datastore.core.exception.DatastoreException$Builder.build(DatastoreException.java:152)\r\n\tat com.google.cloud.datastore.emulator.impl.rules.DefaultEmulatorRulesAuthorizer.verboseError(DefaultEmulatorRulesAuthorizer.java:349)\r\n\tat com.google.cloud.datastore.emulator.impl.rules.DefaultEmulatorRulesAuthorizer.withVerboseErrors(DefaultEmulatorRulesAuthorizer.java:326)\r\n\tat com.google.cloud.datastore.emulator.impl.rules.DefaultEmulatorRulesAuthorizer.checkQuery(DefaultEmulatorRulesAuthorizer.java:193)\r\n\tat com.google.cloud.datastore.emulator.impl.firestore.FirestoreEmulatorHelper.ruleAuthorizeAndReadEntities(FirestoreEmulatorHelper.java:804)\r\n\tat com.google.cloud.datastore.emulator.impl.firestore.FirestoreEmulatorHelper.snapshotQuery(FirestoreEmulatorHelper.java:654)\r\n\tat com.google.cloud.datastore.emulator.impl.firestore.FirestoreEmulatorHelper.lambda$query$0(FirestoreEmulatorHelper.java:638)\r\n\tat com.google.cloud.datastore.emulator.impl.transactions.EmulatorTransactionManager$ReadOnlyTransaction.fold(EmulatorTransactionManager.java:429)\r\n\tat com.google.cloud.datastore.emulator.impl.firestore.FirestoreEmulatorHelper.query(FirestoreEmulatorHelper.java:636)\r\n\tat com.google.cloud.datastore.emulator.impl.firestore.CloudFirestoreV1.listDocuments(CloudFirestoreV1.java:374)\r\n\tat com.google.cloud.datastore.emulator.impl.firestore.CloudFirestoreV1Router.listDocuments(CloudFirestoreV1Router.java:139)\r\n\tat com.google.cloud.datastore.emulator.impl.firestore.CloudFirestoreV1Router.getOrListDocuments(CloudFirestoreV1Router.java:123)\r\n\tat com.google.cloud.datastore.emulator.firestore.v1.FirestoreV1GrpcAdapter$1.lambda$getOrListDocuments$0(FirestoreV1GrpcAdapter.java:108)\r\n\tat com.google.cloud.datastore.emulator.firestore.v1.FirestoreV1GrpcAdapter.unary(FirestoreV1GrpcAdapter.java:72)\r\n\tat com.google.cloud.datastore.emulator.firestore.v1.FirestoreV1GrpcAdapter$1.getOrListDocuments(FirestoreV1GrpcAdapter.java:108)\r\n\tat com.google.firestore.v1.FirestoreGrpc$MethodHandlers.invoke(FirestoreGrpc.java:1376)\r\n\tat io.grpc.stub.ServerCalls$UnaryServerCallHandler$UnaryServerCallListener.onHalfClose(ServerCalls.java:182)\r\n\tat io.grpc.PartialForwardingServerCallListener.onHalfClose(PartialForwardingServerCallListener.java:35)\r\n\tat io.grpc.ForwardingServerCallListener.onHalfClose(ForwardingServerCallListener.java:23)\r\n\tat io.grpc.ForwardingServerCallListener$SimpleForwardingServerCallListener.onHalfClose(ForwardingServerCallListener.java:40)\r\n\tat io.grpc.Contexts$ContextualizedServerCallListener.onHalfClose(Contexts.java:86)\r\n\tat io.grpc.PartialForwardingServerCallListener.onHalfClose(PartialForwardingServerCallListener.java:35)\r\n\tat io.grpc.ForwardingServerCallListener.onHalfClose(ForwardingServerCallListener.java:23)\r\n\tat io.grpc.ForwardingServerCallListener$SimpleForwardingServerCallListener.onHalfClose(ForwardingServerCallListener.java:40)\r\n\tat io.grpc.Contexts$ContextualizedServerCallListener.onHalfClose(Contexts.java:86)\r\n\tat io.grpc.internal.ServerCallImpl$ServerStreamListenerImpl.halfClosed(ServerCallImpl.java:356)\r\n\tat io.grpc.internal.ServerImpl$JumpToApplicationThreadServerStreamListener$1HalfClosed.runInContext(ServerImpl.java:861)\r\n\tat io.grpc.internal.ContextRunnable.run(ContextRunnable.java:37)\r\n\tat io.grpc.internal.SerializingExecutor.run(SerializingExecutor.java:133)\r\n\tat java.base/java.util.concurrent.ThreadPoolExecutor.runWorker(ThreadPoolExecutor.java:1144)\r\n\tat java.base/java.util.concurrent.ThreadPoolExecutor$Worker.run(ThreadPoolExecutor.java:642)\r\n\tat java.base/java.lang.Thread.run(Thread.java:1583)\r\n\r\n"}}
[debug] [2026-04-23T19:04:16.557Z] Apr 23, 2026 10:04:16 PM io.gapi.emulators.netty.HttpHandler$1 onError
INFO: Exception when handling request: PERMISSION_DENIED: 
false for 'list' @ L58
 {"metadata":{"emulator":{"name":"firestore"},"message":"Apr 23, 2026 10:04:16 PM io.gapi.emulators.netty.HttpHandler$1 onError\r\nINFO: Exception when handling request: PERMISSION_DENIED: \nfalse for 'list' @ L58\r\n"}}
[debug] [2026-04-23T19:20:16.254Z] [work-queue] {"queuedWork":["/arrivio-271aa/europe-west3/enterQueue-2026-04-23T19:20:16.254Z"],"queueLength":1,"runningWork":[],"workRunningCount":0}
[debug] [2026-04-23T19:20:16.254Z] [work-queue] {"queuedWork":[],"queueLength":0,"runningWork":["/arrivio-271aa/europe-west3/enterQueue-2026-04-23T19:20:16.254Z"],"workRunningCount":1}
[debug] [2026-04-23T19:20:16.255Z] [work-queue] {"queuedWork":[],"queueLength":0,"runningWork":[],"workRunningCount":0}
[debug] [2026-04-23T19:20:16.263Z] [work-queue] {"queuedWork":["/arrivio-271aa/europe-west3/enterQueue-2026-04-23T19:20:16.263Z"],"queueLength":1,"runningWork":[],"workRunningCount":0}
[debug] [2026-04-23T19:20:16.263Z] [work-queue] {"queuedWork":[],"queueLength":0,"runningWork":["/arrivio-271aa/europe-west3/enterQueue-2026-04-23T19:20:16.263Z"],"workRunningCount":1}
[debug] [2026-04-23T19:20:16.264Z] [work-queue] {"queuedWork":[],"queueLength":0,"runningWork":[],"workRunningCount":0}
[debug] [2026-04-23T19:20:16.266Z] [work-queue] {"queuedWork":["/arrivio-271aa/europe-west3/enterQueue-2026-04-23T19:20:16.266Z"],"queueLength":1,"runningWork":[],"workRunningCount":0}
[debug] [2026-04-23T19:20:16.266Z] [work-queue] {"queuedWork":[],"queueLength":0,"runningWork":["/arrivio-271aa/europe-west3/enterQueue-2026-04-23T19:20:16.266Z"],"workRunningCount":1}
[debug] [2026-04-23T19:20:16.266Z] [work-queue] {"queuedWork":[],"queueLength":0,"runningWork":[],"workRunningCount":0}
[debug] [2026-04-23T19:20:16.269Z] [work-queue] {"queuedWork":["/arrivio-271aa/europe-west3/enterQueue-2026-04-23T19:20:16.269Z"],"queueLength":1,"runningWork":[],"workRunningCount":0}
[debug] [2026-04-23T19:20:16.269Z] [work-queue] {"queuedWork":[],"queueLength":0,"runningWork":["/arrivio-271aa/europe-west3/enterQueue-2026-04-23T19:20:16.269Z"],"workRunningCount":1}
[debug] [2026-04-23T19:20:16.270Z] [work-queue] {"queuedWork":[],"queueLength":0,"runningWork":[],"workRunningCount":0}
[debug] [2026-04-23T19:20:16.272Z] [work-queue] {"queuedWork":["/arrivio-271aa/europe-west3/enterQueue-2026-04-23T19:20:16.272Z"],"queueLength":1,"runningWork":[],"workRunningCount":0}
[debug] [2026-04-23T19:20:16.272Z] [work-queue] {"queuedWork":[],"queueLength":0,"runningWork":["/arrivio-271aa/europe-west3/enterQueue-2026-04-23T19:20:16.272Z"],"workRunningCount":1}
[debug] [2026-04-23T19:20:16.273Z] [work-queue] {"queuedWork":[],"queueLength":0,"runningWork":[],"workRunningCount":0}
[debug] [2026-04-23T19:20:16.276Z] [work-queue] {"queuedWork":["/arrivio-271aa/europe-west3/enterQueue-2026-04-23T19:20:16.276Z"],"queueLength":1,"runningWork":[],"workRunningCount":0}
[debug] [2026-04-23T19:20:16.276Z] [work-queue] {"queuedWork":[],"queueLength":0,"runningWork":["/arrivio-271aa/europe-west3/enterQueue-2026-04-23T19:20:16.276Z"],"workRunningCount":1}
[debug] [2026-04-23T19:20:16.277Z] [work-queue] {"queuedWork":[],"queueLength":0,"runningWork":[],"workRunningCount":0}
[debug] [2026-04-23T19:22:12.082Z] [work-queue] {"queuedWork":["/arrivio-271aa/europe-west3/enterQueue-2026-04-23T19:22:12.082Z"],"queueLength":1,"runningWork":[],"workRunningCount":0}
[debug] [2026-04-23T19:22:12.082Z] [work-queue] {"queuedWork":[],"queueLength":0,"runningWork":["/arrivio-271aa/europe-west3/enterQueue-2026-04-23T19:22:12.082Z"],"workRunningCount":1}
[debug] [2026-04-23T19:22:12.083Z] [work-queue] {"queuedWork":[],"queueLength":0,"runningWork":[],"workRunningCount":0}
[debug] [2026-04-23T19:22:12.088Z] [work-queue] {"queuedWork":["/arrivio-271aa/us-central1/enterQueue-2026-04-23T19:22:12.088Z"],"queueLength":1,"runningWork":[],"workRunningCount":0}
[debug] [2026-04-23T19:22:12.088Z] [work-queue] {"queuedWork":[],"queueLength":0,"runningWork":["/arrivio-271aa/us-central1/enterQueue-2026-04-23T19:22:12.088Z"],"workRunningCount":1}
[debug] [2026-04-23T19:22:12.088Z] [work-queue] {"queuedWork":[],"queueLength":0,"runningWork":[],"workRunningCount":0}
[debug] [2026-04-23T19:22:12.091Z] [work-queue] {"queuedWork":["/arrivio-271aa/europe-west3/enterQueue-2026-04-23T19:22:12.091Z"],"queueLength":1,"runningWork":[],"workRunningCount":0}
[debug] [2026-04-23T19:22:12.091Z] [work-queue] {"queuedWork":[],"queueLength":0,"runningWork":["/arrivio-271aa/europe-west3/enterQueue-2026-04-23T19:22:12.091Z"],"workRunningCount":1}
[debug] [2026-04-23T19:22:12.092Z] [work-queue] {"queuedWork":[],"queueLength":0,"runningWork":[],"workRunningCount":0}
[debug] [2026-04-23T19:22:12.094Z] [work-queue] {"queuedWork":["/arrivio-271aa/us-central1/enterQueue-2026-04-23T19:22:12.094Z"],"queueLength":1,"runningWork":[],"workRunningCount":0}
[debug] [2026-04-23T19:22:12.094Z] [work-queue] {"queuedWork":[],"queueLength":0,"runningWork":["/arrivio-271aa/us-central1/enterQueue-2026-04-23T19:22:12.094Z"],"workRunningCount":1}
[debug] [2026-04-23T19:22:12.094Z] [work-queue] {"queuedWork":[],"queueLength":0,"runningWork":[],"workRunningCount":0}
[debug] [2026-04-23T19:22:12.096Z] [work-queue] {"queuedWork":["/arrivio-271aa/europe-west3/enterQueue-2026-04-23T19:22:12.096Z"],"queueLength":1,"runningWork":[],"workRunningCount":0}
[debug] [2026-04-23T19:22:12.097Z] [work-queue] {"queuedWork":[],"queueLength":0,"runningWork":["/arrivio-271aa/europe-west3/enterQueue-2026-04-23T19:22:12.096Z"],"workRunningCount":1}
[debug] [2026-04-23T19:22:12.097Z] [work-queue] {"queuedWork":[],"queueLength":0,"runningWork":[],"workRunningCount":0}
[debug] [2026-04-23T19:22:12.098Z] [work-queue] {"queuedWork":["/arrivio-271aa/us-central1/enterQueue-2026-04-23T19:22:12.098Z"],"queueLength":1,"runningWork":[],"workRunningCount":0}
[debug] [2026-04-23T19:22:12.098Z] [work-queue] {"queuedWork":[],"queueLength":0,"runningWork":["/arrivio-271aa/us-central1/enterQueue-2026-04-23T19:22:12.098Z"],"workRunningCount":1}
[debug] [2026-04-23T19:22:12.099Z] [work-queue] {"queuedWork":[],"queueLength":0,"runningWork":[],"workRunningCount":0}
[debug] [2026-04-23T19:22:12.100Z] [work-queue] {"queuedWork":["/arrivio-271aa/europe-west3/enterQueue-2026-04-23T19:22:12.100Z"],"queueLength":1,"runningWork":[],"workRunningCount":0}
[debug] [2026-04-23T19:22:12.101Z] [work-queue] {"queuedWork":[],"queueLength":0,"runningWork":["/arrivio-271aa/europe-west3/enterQueue-2026-04-23T19:22:12.100Z"],"workRunningCount":1}
[debug] [2026-04-23T19:22:12.101Z] [work-queue] {"queuedWork":[],"queueLength":0,"runningWork":[],"workRunningCount":0}
[debug] [2026-04-23T19:22:12.102Z] [work-queue] {"queuedWork":["/arrivio-271aa/us-central1/enterQueue-2026-04-23T19:22:12.102Z"],"queueLength":1,"runningWork":[],"workRunningCount":0}
[debug] [2026-04-23T19:22:12.103Z] [work-queue] {"queuedWork":[],"queueLength":0,"runningWork":["/arrivio-271aa/us-central1/enterQueue-2026-04-23T19:22:12.102Z"],"workRunningCount":1}
[debug] [2026-04-23T19:22:12.103Z] [work-queue] {"queuedWork":[],"queueLength":0,"runningWork":[],"workRunningCount":0}
[debug] [2026-04-23T19:22:12.106Z] [work-queue] {"queuedWork":["/arrivio-271aa/europe-west3/enterQueue-2026-04-23T19:22:12.106Z"],"queueLength":1,"runningWork":[],"workRunningCount":0}
[debug] [2026-04-23T19:22:12.106Z] [work-queue] {"queuedWork":[],"queueLength":0,"runningWork":["/arrivio-271aa/europe-west3/enterQueue-2026-04-23T19:22:12.106Z"],"workRunningCount":1}
[debug] [2026-04-23T19:22:12.106Z] [work-queue] {"queuedWork":[],"queueLength":0,"runningWork":[],"workRunningCount":0}
[debug] [2026-04-23T19:22:12.110Z] [work-queue] {"queuedWork":["/arrivio-271aa/us-central1/enterQueue-2026-04-23T19:22:12.110Z"],"queueLength":1,"runningWork":[],"workRunningCount":0}
[debug] [2026-04-23T19:22:12.110Z] [work-queue] {"queuedWork":[],"queueLength":0,"runningWork":["/arrivio-271aa/us-central1/enterQueue-2026-04-23T19:22:12.110Z"],"workRunningCount":1}
[debug] [2026-04-23T19:22:12.110Z] [work-queue] {"queuedWork":[],"queueLength":0,"runningWork":[],"workRunningCount":0}
[debug] [2026-04-23T19:22:12.112Z] [work-queue] {"queuedWork":["/arrivio-271aa/europe-west3/enterQueue-2026-04-23T19:22:12.112Z"],"queueLength":1,"runningWork":[],"workRunningCount":0}
[debug] [2026-04-23T19:22:12.113Z] [work-queue] {"queuedWork":[],"queueLength":0,"runningWork":["/arrivio-271aa/europe-west3/enterQueue-2026-04-23T19:22:12.112Z"],"workRunningCount":1}
[debug] [2026-04-23T19:22:12.113Z] [work-queue] {"queuedWork":[],"queueLength":0,"runningWork":[],"workRunningCount":0}
[debug] [2026-04-23T19:22:12.114Z] [work-queue] {"queuedWork":["/arrivio-271aa/us-central1/enterQueue-2026-04-23T19:22:12.114Z"],"queueLength":1,"runningWork":[],"workRunningCount":0}
[debug] [2026-04-23T19:22:12.114Z] [work-queue] {"queuedWork":[],"queueLength":0,"runningWork":["/arrivio-271aa/us-central1/enterQueue-2026-04-23T19:22:12.114Z"],"workRunningCount":1}
[debug] [2026-04-23T19:22:12.114Z] [work-queue] {"queuedWork":[],"queueLength":0,"runningWork":[],"workRunningCount":0}
[debug] [2026-04-23T19:26:38.347Z] Apr 23, 2026 10:26:38 PM io.gapi.emulators.netty.HttpVersionRoutingHandler channelRead
INFO: Detected non-HTTP/2 connection.
 {"metadata":{"emulator":{"name":"firestore"},"message":"Apr 23, 2026 10:26:38 PM io.gapi.emulators.netty.HttpVersionRoutingHandler channelRead\r\nINFO: Detected non-HTTP/2 connection.\r\n"}}
[debug] [2026-04-23T19:26:38.358Z] Apr 23, 2026 10:26:38 PM com.google.cloud.datastore.emulator.impl.util.WrappedStreamObserver onError
WARNING: Operation failed: 
false for 'create' @ L57, false for 'update' @ L59
com.google.cloud.datastore.core.exception.DatastoreException: 
false for 'create' @ L57, false for 'update' @ L59
	at com.google.cloud.datastore.core.exception.DatastoreException$Builder.build(DatastoreException.java:152)
	at com.google.cloud.datastore.emulator.impl.rules.DefaultEmulatorRulesAuthorizer.verboseError(DefaultEmulatorRulesAuthorizer.java:349)
	at com.google.cloud.datastore.emulator.impl.rules.DefaultEmulatorRulesAuthorizer.withVerboseErrors(DefaultEmulatorRulesAuthorizer.java:326)
	at com.google.cloud.datastore.emulator.impl.rules.DefaultEmulatorRulesAuthorizer.checkCommit(DefaultEmulatorRulesAuthorizer.java:114)
	at com.google.cloud.datastore.emulator.impl.firestore.FirestoreEmulatorHelper.commitHelper(FirestoreEmulatorHelper.java:385)
	at com.google.cloud.datastore.emulator.impl.firestore.FirestoreEmulatorHelper.internalCommit(FirestoreEmulatorHelper.java:339)
	at com.google.cloud.datastore.emulator.impl.firestore.CloudFirestoreV1.internalCommit(CloudFirestoreV1.java:1243)
	at com.google.cloud.datastore.emulator.impl.firestore.CloudFirestoreV1.updateDocument(CloudFirestoreV1.java:463)
	at com.google.cloud.datastore.emulator.impl.firestore.CloudFirestoreV1Router.updateDocument(CloudFirestoreV1Router.java:152)
	at com.google.cloud.datastore.emulator.firestore.v1.FirestoreV1GrpcAdapter$1.lambda$updateDocument$0(FirestoreV1GrpcAdapter.java:132)
	at com.google.cloud.datastore.emulator.firestore.v1.FirestoreV1GrpcAdapter.unary(FirestoreV1GrpcAdapter.java:72)
	at com.google.cloud.datastore.emulator.firestore.v1.FirestoreV1GrpcAdapter$1.updateDocument(FirestoreV1GrpcAdapter.java:132)
	at com.google.firestore.v1.FirestoreGrpc$MethodHandlers.invoke(FirestoreGrpc.java:1388)
	at io.grpc.stub.ServerCalls$UnaryServerCallHandler$UnaryServerCallListener.onHalfClose(ServerCalls.java:182)
	at io.grpc.PartialForwardingServerCallListener.onHalfClose(PartialForwardingServerCallListener.java:35)
	at io.grpc.ForwardingServerCallListener.onHalfClose(ForwardingServerCallListener.java:23)
	at io.grpc.ForwardingServerCallListener$SimpleForwardingServerCallListener.onHalfClose(ForwardingServerCallListener.java:40)
	at io.grpc.Contexts$ContextualizedServerCallListener.onHalfClose(Contexts.java:86)
	at io.grpc.PartialForwardingServerCallListener.onHalfClose(PartialForwardingServerCallListener.java:35)
	at io.grpc.ForwardingServerCallListener.onHalfClose(ForwardingServerCallListener.java:23)
	at io.grpc.ForwardingServerCallListener$SimpleForwardingServerCallListener.onHalfClose(ForwardingServerCallListener.java:40)
	at io.grpc.Contexts$ContextualizedServerCallListener.onHalfClose(Contexts.java:86)
	at io.grpc.internal.ServerCallImpl$ServerStreamListenerImpl.halfClosed(ServerCallImpl.java:356)
	at io.grpc.internal.ServerImpl$JumpToApplicationThreadServerStreamListener$1HalfClosed.runInContext(ServerImpl.java:861)
	at io.grpc.internal.ContextRunnable.run(ContextRunnable.java:37)
	at io.grpc.internal.SerializingExecutor.run(SerializingExecutor.java:133)
	at java.base/java.util.concurrent.ThreadPoolExecutor.runWorker(ThreadPoolExecutor.java:1144)
	at java.base/java.util.concurrent.ThreadPoolExecutor$Worker.run(ThreadPoolExecutor.java:642)
	at java.base/java.lang.Thread.run(Thread.java:1583)

 {"metadata":{"emulator":{"name":"firestore"},"message":"Apr 23, 2026 10:26:38 PM com.google.cloud.datastore.emulator.impl.util.WrappedStreamObserver onError\r\nWARNING: Operation failed: \nfalse for 'create' @ L57, false for 'update' @ L59\r\ncom.google.cloud.datastore.core.exception.DatastoreException: \nfalse for 'create' @ L57, false for 'update' @ L59\r\n\tat com.google.cloud.datastore.core.exception.DatastoreException$Builder.build(DatastoreException.java:152)\r\n\tat com.google.cloud.datastore.emulator.impl.rules.DefaultEmulatorRulesAuthorizer.verboseError(DefaultEmulatorRulesAuthorizer.java:349)\r\n\tat com.google.cloud.datastore.emulator.impl.rules.DefaultEmulatorRulesAuthorizer.withVerboseErrors(DefaultEmulatorRulesAuthorizer.java:326)\r\n\tat com.google.cloud.datastore.emulator.impl.rules.DefaultEmulatorRulesAuthorizer.checkCommit(DefaultEmulatorRulesAuthorizer.java:114)\r\n\tat com.google.cloud.datastore.emulator.impl.firestore.FirestoreEmulatorHelper.commitHelper(FirestoreEmulatorHelper.java:385)\r\n\tat com.google.cloud.datastore.emulator.impl.firestore.FirestoreEmulatorHelper.internalCommit(FirestoreEmulatorHelper.java:339)\r\n\tat com.google.cloud.datastore.emulator.impl.firestore.CloudFirestoreV1.internalCommit(CloudFirestoreV1.java:1243)\r\n\tat com.google.cloud.datastore.emulator.impl.firestore.CloudFirestoreV1.updateDocument(CloudFirestoreV1.java:463)\r\n\tat com.google.cloud.datastore.emulator.impl.firestore.CloudFirestoreV1Router.updateDocument(CloudFirestoreV1Router.java:152)\r\n\tat com.google.cloud.datastore.emulator.firestore.v1.FirestoreV1GrpcAdapter$1.lambda$updateDocument$0(FirestoreV1GrpcAdapter.java:132)\r\n\tat com.google.cloud.datastore.emulator.firestore.v1.FirestoreV1GrpcAdapter.unary(FirestoreV1GrpcAdapter.java:72)\r\n\tat com.google.cloud.datastore.emulator.firestore.v1.FirestoreV1GrpcAdapter$1.updateDocument(FirestoreV1GrpcAdapter.java:132)\r\n\tat com.google.firestore.v1.FirestoreGrpc$MethodHandlers.invoke(FirestoreGrpc.java:1388)\r\n\tat io.grpc.stub.ServerCalls$UnaryServerCallHandler$UnaryServerCallListener.onHalfClose(ServerCalls.java:182)\r\n\tat io.grpc.PartialForwardingServerCallListener.onHalfClose(PartialForwardingServerCallListener.java:35)\r\n\tat io.grpc.ForwardingServerCallListener.onHalfClose(ForwardingServerCallListener.java:23)\r\n\tat io.grpc.ForwardingServerCallListener$SimpleForwardingServerCallListener.onHalfClose(ForwardingServerCallListener.java:40)\r\n\tat io.grpc.Contexts$ContextualizedServerCallListener.onHalfClose(Contexts.java:86)\r\n\tat io.grpc.PartialForwardingServerCallListener.onHalfClose(PartialForwardingServerCallListener.java:35)\r\n\tat io.grpc.ForwardingServerCallListener.onHalfClose(ForwardingServerCallListener.java:23)\r\n\tat io.grpc.ForwardingServerCallListener$SimpleForwardingServerCallListener.onHalfClose(ForwardingServerCallListener.java:40)\r\n\tat io.grpc.Contexts$ContextualizedServerCallListener.onHalfClose(Contexts.java:86)\r\n\tat io.grpc.internal.ServerCallImpl$ServerStreamListenerImpl.halfClosed(ServerCallImpl.java:356)\r\n\tat io.grpc.internal.ServerImpl$JumpToApplicationThreadServerStreamListener$1HalfClosed.runInContext(ServerImpl.java:861)\r\n\tat io.grpc.internal.ContextRunnable.run(ContextRunnable.java:37)\r\n\tat io.grpc.internal.SerializingExecutor.run(SerializingExecutor.java:133)\r\n\tat java.base/java.util.concurrent.ThreadPoolExecutor.runWorker(ThreadPoolExecutor.java:1144)\r\n\tat java.base/java.util.concurrent.ThreadPoolExecutor$Worker.run(ThreadPoolExecutor.java:642)\r\n\tat java.base/java.lang.Thread.run(Thread.java:1583)\r\n\r\n"}}
[debug] [2026-04-23T19:26:38.360Z] Apr 23, 2026 10:26:38 PM io.gapi.emulators.netty.HttpHandler$1 onError
INFO: Exception when handling request: PERMISSION_DENIED: 
false for 'create' @ L57, false for 'update' @ L59
 {"metadata":{"emulator":{"name":"firestore"},"message":"Apr 23, 2026 10:26:38 PM io.gapi.emulators.netty.HttpHandler$1 onError\r\nINFO: Exception when handling request: PERMISSION_DENIED: \nfalse for 'create' @ L57, false for 'update' @ L59\r\n"}}
[debug] [2026-04-23T19:26:38.369Z] Apr 23, 2026 10:26:38 PM io.gapi.emulators.netty.HttpVersionRoutingHandler channelRead
INFO: Detected non-HTTP/2 connection.
 {"metadata":{"emulator":{"name":"firestore"},"message":"Apr 23, 2026 10:26:38 PM io.gapi.emulators.netty.HttpVersionRoutingHandler channelRead\r\nINFO: Detected non-HTTP/2 connection.\r\n"}}
[debug] [2026-04-23T19:26:38.380Z] Apr 23, 2026 10:26:38 PM com.google.cloud.datastore.emulator.impl.util.WrappedStreamObserver onError
WARNING: Operation failed: 
false for 'create' @ L57, false for 'update' @ L59
com.google.cloud.datastore.core.exception.DatastoreException: 
false for 'create' @ L57, false for 'update' @ L59
	at com.google.cloud.datastore.core.exception.DatastoreException$Builder.build(DatastoreException.java:152)
	at com.google.cloud.datastore.emulator.impl.rules.DefaultEmulatorRulesAuthorizer.verboseError(DefaultEmulatorRulesAuthorizer.java:349)
	at com.google.cloud.datastore.emulator.impl.rules.DefaultEmulatorRulesAuthorizer.withVerboseErrors(DefaultEmulatorRulesAuthorizer.java:326)
	at com.google.cloud.datastore.emulator.impl.rules.DefaultEmulatorRulesAuthorizer.checkCommit(DefaultEmulatorRulesAuthorizer.java:114)
	at com.google.cloud.datastore.emulator.impl.firestore.FirestoreEmulatorHelper.commitHelper(FirestoreEmulatorHelper.java:385)
	at com.google.cloud.datastore.emulator.impl.firestore.FirestoreEmulatorHelper.internalCommit(FirestoreEmulatorHelper.java:339)
	at com.google.cloud.datastore.emulator.impl.firestore.CloudFirestoreV1.internalCommit(CloudFirestoreV1.java:1243)
	at com.google.cloud.datastore.emulator.impl.firestore.CloudFirestoreV1.updateDocument(CloudFirestoreV1.java:463)
	at com.google.cloud.datastore.emulator.impl.firestore.CloudFirestoreV1Router.updateDocument(CloudFirestoreV1Router.java:152)
	at com.google.cloud.datastore.emulator.firestore.v1.FirestoreV1GrpcAdapter$1.lambda$updateDocument$0(FirestoreV1GrpcAdapter.java:132)
	at com.google.cloud.datastore.emulator.firestore.v1.FirestoreV1GrpcAdapter.unary(FirestoreV1GrpcAdapter.java:72)
	at com.google.cloud.datastore.emulator.firestore.v1.FirestoreV1GrpcAdapter$1.updateDocument(FirestoreV1GrpcAdapter.java:132)
	at com.google.firestore.v1.FirestoreGrpc$MethodHandlers.invoke(FirestoreGrpc.java:1388)
	at io.grpc.stub.ServerCalls$UnaryServerCallHandler$UnaryServerCallListener.onHalfClose(ServerCalls.java:182)
	at io.grpc.PartialForwardingServerCallListener.onHalfClose(PartialForwardingServerCallListener.java:35)
	at io.grpc.ForwardingServerCallListener.onHalfClose(ForwardingServerCallListener.java:23)
	at io.grpc.ForwardingServerCallListener$SimpleForwardingServerCallListener.onHalfClose(ForwardingServerCallListener.java:40)
	at io.grpc.Contexts$ContextualizedServerCallListener.onHalfClose(Contexts.java:86)
	at io.grpc.PartialForwardingServerCallListener.onHalfClose(PartialForwardingServerCallListener.java:35)
	at io.grpc.ForwardingServerCallListener.onHalfClose(ForwardingServerCallListener.java:23)
	at io.grpc.ForwardingServerCallListener$SimpleForwardingServerCallListener.onHalfClose(ForwardingServerCallListener.java:40)
	at io.grpc.Contexts$ContextualizedServerCallListener.onHalfClose(Contexts.java:86)
	at io.grpc.internal.ServerCallImpl$ServerStreamListenerImpl.halfClosed(ServerCallImpl.java:356)
	at io.grpc.internal.ServerImpl$JumpToApplicationThreadServerStreamListener$1HalfClosed.runInContext(ServerImpl.java:861)
	at io.grpc.internal.ContextRunnable.run(ContextRunnable.java:37)
	at io.grpc.internal.SerializingExecutor.run(SerializingExecutor.java:133)
	at java.base/java.util.concurrent.ThreadPoolExecutor.runWorker(ThreadPoolExecutor.java:1144)
	at java.base/java.util.concurrent.ThreadPoolExecutor$Worker.run(ThreadPoolExecutor.java:642)
	at java.base/java.lang.Thread.run(Thread.java:1583)

 {"metadata":{"emulator":{"name":"firestore"},"message":"Apr 23, 2026 10:26:38 PM com.google.cloud.datastore.emulator.impl.util.WrappedStreamObserver onError\r\nWARNING: Operation failed: \nfalse for 'create' @ L57, false for 'update' @ L59\r\ncom.google.cloud.datastore.core.exception.DatastoreException: \nfalse for 'create' @ L57, false for 'update' @ L59\r\n\tat com.google.cloud.datastore.core.exception.DatastoreException$Builder.build(DatastoreException.java:152)\r\n\tat com.google.cloud.datastore.emulator.impl.rules.DefaultEmulatorRulesAuthorizer.verboseError(DefaultEmulatorRulesAuthorizer.java:349)\r\n\tat com.google.cloud.datastore.emulator.impl.rules.DefaultEmulatorRulesAuthorizer.withVerboseErrors(DefaultEmulatorRulesAuthorizer.java:326)\r\n\tat com.google.cloud.datastore.emulator.impl.rules.DefaultEmulatorRulesAuthorizer.checkCommit(DefaultEmulatorRulesAuthorizer.java:114)\r\n\tat com.google.cloud.datastore.emulator.impl.firestore.FirestoreEmulatorHelper.commitHelper(FirestoreEmulatorHelper.java:385)\r\n\tat com.google.cloud.datastore.emulator.impl.firestore.FirestoreEmulatorHelper.internalCommit(FirestoreEmulatorHelper.java:339)\r\n\tat com.google.cloud.datastore.emulator.impl.firestore.CloudFirestoreV1.internalCommit(CloudFirestoreV1.java:1243)\r\n\tat com.google.cloud.datastore.emulator.impl.firestore.CloudFirestoreV1.updateDocument(CloudFirestoreV1.java:463)\r\n\tat com.google.cloud.datastore.emulator.impl.firestore.CloudFirestoreV1Router.updateDocument(CloudFirestoreV1Router.java:152)\r\n\tat com.google.cloud.datastore.emulator.firestore.v1.FirestoreV1GrpcAdapter$1.lambda$updateDocument$0(FirestoreV1GrpcAdapter.java:132)\r\n\tat com.google.cloud.datastore.emulator.firestore.v1.FirestoreV1GrpcAdapter.unary(FirestoreV1GrpcAdapter.java:72)\r\n\tat com.google.cloud.datastore.emulator.firestore.v1.FirestoreV1GrpcAdapter$1.updateDocument(FirestoreV1GrpcAdapter.java:132)\r\n\tat com.google.firestore.v1.FirestoreGrpc$MethodHandlers.invoke(FirestoreGrpc.java:1388)\r\n\tat io.grpc.stub.ServerCalls$UnaryServerCallHandler$UnaryServerCallListener.onHalfClose(ServerCalls.java:182)\r\n\tat io.grpc.PartialForwardingServerCallListener.onHalfClose(PartialForwardingServerCallListener.java:35)\r\n\tat io.grpc.ForwardingServerCallListener.onHalfClose(ForwardingServerCallListener.java:23)\r\n\tat io.grpc.ForwardingServerCallListener$SimpleForwardingServerCallListener.onHalfClose(ForwardingServerCallListener.java:40)\r\n\tat io.grpc.Contexts$ContextualizedServerCallListener.onHalfClose(Contexts.java:86)\r\n\tat io.grpc.PartialForwardingServerCallListener.onHalfClose(PartialForwardingServerCallListener.java:35)\r\n\tat io.grpc.ForwardingServerCallListener.onHalfClose(ForwardingServerCallListener.java:23)\r\n\tat io.grpc.ForwardingServerCallListener$SimpleForwardingServerCallListener.onHalfClose(ForwardingServerCallListener.java:40)\r\n\tat io.grpc.Contexts$ContextualizedServerCallListener.onHalfClose(Contexts.java:86)\r\n\tat io.grpc.internal.ServerCallImpl$ServerStreamListenerImpl.halfClosed(ServerCallImpl.java:356)\r\n\tat io.grpc.internal.ServerImpl$JumpToApplicationThreadServerStreamListener$1HalfClosed.runInContext(ServerImpl.java:861)\r\n\tat io.grpc.internal.ContextRunnable.run(ContextRunnable.java:37)\r\n\tat io.grpc.internal.SerializingExecutor.run(SerializingExecutor.java:133)\r\n\tat java.base/java.util.concurrent.ThreadPoolExecutor.runWorker(ThreadPoolExecutor.java:1144)\r\n\tat java.base/java.util.concurrent.ThreadPoolExecutor$Worker.run(ThreadPoolExecutor.java:642)\r\n\tat java.base/java.lang.Thread.run(Thread.java:1583)\r\n\r\n"}}
[debug] [2026-04-23T19:26:38.382Z] Apr 23, 2026 10:26:38 PM io.gapi.emulators.netty.HttpHandler$1 onError
INFO: Exception when handling request: PERMISSION_DENIED: 
false for 'create' @ L57, false for 'update' @ L59
 {"metadata":{"emulator":{"name":"firestore"},"message":"Apr 23, 2026 10:26:38 PM io.gapi.emulators.netty.HttpHandler$1 onError\r\nINFO: Exception when handling request: PERMISSION_DENIED: \nfalse for 'create' @ L57, false for 'update' @ L59\r\n"}}
[debug] [2026-04-23T19:26:38.395Z] Apr 23, 2026 10:26:38 PM com.google.cloud.datastore.emulator.impl.util.WrappedStreamObserver onError
WARNING: Operation failed: 
false for 'create' @ L57, false for 'update' @ L59
com.google.cloud.datastore.core.exception.DatastoreException: 
false for 'create' @ L57, false for 'update' @ L59
	at com.google.cloud.datastore.core.exception.DatastoreException$Builder.build(DatastoreException.java:152)
	at com.google.cloud.datastore.emulator.impl.rules.DefaultEmulatorRulesAuthorizer.verboseError(DefaultEmulatorRulesAuthorizer.java:349)
	at com.google.cloud.datastore.emulator.impl.rules.DefaultEmulatorRulesAuthorizer.withVerboseErrors(DefaultEmulatorRulesAuthorizer.java:326)
	at com.google.cloud.datastore.emulator.impl.rules.DefaultEmulatorRulesAuthorizer.checkCommit(DefaultEmulatorRulesAuthorizer.java:114)
	at com.google.cloud.datastore.emulator.impl.firestore.FirestoreEmulatorHelper.commitHelper(FirestoreEmulatorHelper.java:385)
	at com.google.cloud.datastore.emulator.impl.firestore.FirestoreEmulatorHelper.internalCommit(FirestoreEmulatorHelper.java:339)
	at com.google.cloud.datastore.emulator.impl.firestore.CloudFirestoreV1.internalCommit(CloudFirestoreV1.java:1243)
	at com.google.cloud.datastore.emulator.impl.firestore.CloudFirestoreV1.updateDocument(CloudFirestoreV1.java:463)
	at com.google.cloud.datastore.emulator.impl.firestore.CloudFirestoreV1Router.updateDocument(CloudFirestoreV1Router.java:152)
	at com.google.cloud.datastore.emulator.firestore.v1.FirestoreV1GrpcAdapter$1.lambda$updateDocument$0(FirestoreV1GrpcAdapter.java:132)
	at com.google.cloud.datastore.emulator.firestore.v1.FirestoreV1GrpcAdapter.unary(FirestoreV1GrpcAdapter.java:72)
	at com.google.cloud.datastore.emulator.firestore.v1.FirestoreV1GrpcAdapter$1.updateDocument(FirestoreV1GrpcAdapter.java:132)
	at com.google.firestore.v1.FirestoreGrpc$MethodHandlers.invoke(FirestoreGrpc.java:1388)
	at io.grpc.stub.ServerCalls$UnaryServerCallHandler$UnaryServerCallListener.onHalfClose(ServerCalls.java:182)
	at io.grpc.PartialForwardingServerCallListener.onHalfClose(PartialForwardingServerCallListener.java:35)
	at io.grpc.ForwardingServerCallListener.onHalfClose(ForwardingServerCallListener.java:23)
	at io.grpc.ForwardingServerCallListener$SimpleForwardingServerCallListener.onHalfClose(ForwardingServerCallListener.java:40)
	at io.grpc.Contexts$ContextualizedServerCallListener.onHalfClose(Contexts.java:86)
	at io.grpc.PartialForwardingServerCallListener.onHalfClose(PartialForwardingServerCallListener.java:35)
	at io.grpc.ForwardingServerCallListener.onHalfClose(ForwardingServerCallListener.java:23)
	at io.grpc.ForwardingServerCallListener$SimpleForwardingServerCallListener.onHalfClose(ForwardingServerCallListener.java:40)
	at io.grpc.Contexts$ContextualizedServerCallListener.onHalfClose(Contexts.java:86)
	at io.grpc.internal.ServerCallImpl$ServerStreamListenerImpl.halfClosed(ServerCallImpl.java:356)
	at io.grpc.internal.ServerImpl$JumpToApplicationThreadServerStreamListener$1HalfClosed.runInContext(ServerImpl.java:861)
	at io.grpc.internal.ContextRunnable.run(ContextRunnable.java:37)
	at io.grpc.internal.SerializingExecutor.run(SerializingExecutor.java:133)
	at java.base/java.util.concurrent.ThreadPoolExecutor.runWorker(ThreadPoolExecutor.java:1144)
	at java.base/java.util.concurrent.ThreadPoolExecutor$Worker.run(ThreadPoolExecutor.java:642)
	at java.base/java.lang.Thread.run(Thread.java:1583)

 {"metadata":{"emulator":{"name":"firestore"},"message":"Apr 23, 2026 10:26:38 PM com.google.cloud.datastore.emulator.impl.util.WrappedStreamObserver onError\r\nWARNING: Operation failed: \nfalse for 'create' @ L57, false for 'update' @ L59\r\ncom.google.cloud.datastore.core.exception.DatastoreException: \nfalse for 'create' @ L57, false for 'update' @ L59\r\n\tat com.google.cloud.datastore.core.exception.DatastoreException$Builder.build(DatastoreException.java:152)\r\n\tat com.google.cloud.datastore.emulator.impl.rules.DefaultEmulatorRulesAuthorizer.verboseError(DefaultEmulatorRulesAuthorizer.java:349)\r\n\tat com.google.cloud.datastore.emulator.impl.rules.DefaultEmulatorRulesAuthorizer.withVerboseErrors(DefaultEmulatorRulesAuthorizer.java:326)\r\n\tat com.google.cloud.datastore.emulator.impl.rules.DefaultEmulatorRulesAuthorizer.checkCommit(DefaultEmulatorRulesAuthorizer.java:114)\r\n\tat com.google.cloud.datastore.emulator.impl.firestore.FirestoreEmulatorHelper.commitHelper(FirestoreEmulatorHelper.java:385)\r\n\tat com.google.cloud.datastore.emulator.impl.firestore.FirestoreEmulatorHelper.internalCommit(FirestoreEmulatorHelper.java:339)\r\n\tat com.google.cloud.datastore.emulator.impl.firestore.CloudFirestoreV1.internalCommit(CloudFirestoreV1.java:1243)\r\n\tat com.google.cloud.datastore.emulator.impl.firestore.CloudFirestoreV1.updateDocument(CloudFirestoreV1.java:463)\r\n\tat com.google.cloud.datastore.emulator.impl.firestore.CloudFirestoreV1Router.updateDocument(CloudFirestoreV1Router.java:152)\r\n\tat com.google.cloud.datastore.emulator.firestore.v1.FirestoreV1GrpcAdapter$1.lambda$updateDocument$0(FirestoreV1GrpcAdapter.java:132)\r\n\tat com.google.cloud.datastore.emulator.firestore.v1.FirestoreV1GrpcAdapter.unary(FirestoreV1GrpcAdapter.java:72)\r\n\tat com.google.cloud.datastore.emulator.firestore.v1.FirestoreV1GrpcAdapter$1.updateDocument(FirestoreV1GrpcAdapter.java:132)\r\n\tat com.google.firestore.v1.FirestoreGrpc$MethodHandlers.invoke(FirestoreGrpc.java:1388)\r\n\tat io.grpc.stub.ServerCalls$UnaryServerCallHandler$UnaryServerCallListener.onHalfClose(ServerCalls.java:182)\r\n\tat io.grpc.PartialForwardingServerCallListener.onHalfClose(PartialForwardingServerCallListener.java:35)\r\n\tat io.grpc.ForwardingServerCallListener.onHalfClose(ForwardingServerCallListener.java:23)\r\n\tat io.grpc.ForwardingServerCallListener$SimpleForwardingServerCallListener.onHalfClose(ForwardingServerCallListener.java:40)\r\n\tat io.grpc.Contexts$ContextualizedServerCallListener.onHalfClose(Contexts.java:86)\r\n\tat io.grpc.PartialForwardingServerCallListener.onHalfClose(PartialForwardingServerCallListener.java:35)\r\n\tat io.grpc.ForwardingServerCallListener.onHalfClose(ForwardingServerCallListener.java:23)\r\n\tat io.grpc.ForwardingServerCallListener$SimpleForwardingServerCallListener.onHalfClose(ForwardingServerCallListener.java:40)\r\n\tat io.grpc.Contexts$ContextualizedServerCallListener.onHalfClose(Contexts.java:86)\r\n\tat io.grpc.internal.ServerCallImpl$ServerStreamListenerImpl.halfClosed(ServerCallImpl.java:356)\r\n\tat io.grpc.internal.ServerImpl$JumpToApplicationThreadServerStreamListener$1HalfClosed.runInContext(ServerImpl.java:861)\r\n\tat io.grpc.internal.ContextRunnable.run(ContextRunnable.java:37)\r\n\tat io.grpc.internal.SerializingExecutor.run(SerializingExecutor.java:133)\r\n\tat java.base/java.util.concurrent.ThreadPoolExecutor.runWorker(ThreadPoolExecutor.java:1144)\r\n\tat java.base/java.util.concurrent.ThreadPoolExecutor$Worker.run(ThreadPoolExecutor.java:642)\r\n\tat java.base/java.lang.Thread.run(Thread.java:1583)\r\n\r\n"}}
[debug] [2026-04-23T19:26:38.396Z] Apr 23, 2026 10:26:38 PM io.gapi.emulators.netty.HttpHandler$1 onError
INFO: Exception when handling request: PERMISSION_DENIED: 
false for 'create' @ L57, false for 'update' @ L59
 {"metadata":{"emulator":{"name":"firestore"},"message":"Apr 23, 2026 10:26:38 PM io.gapi.emulators.netty.HttpHandler$1 onError\r\nINFO: Exception when handling request: PERMISSION_DENIED: \nfalse for 'create' @ L57, false for 'update' @ L59\r\n"}}
[debug] [2026-04-23T19:26:38.406Z] Apr 23, 2026 10:26:38 PM com.google.cloud.datastore.emulator.impl.util.WrappedStreamObserver onError
WARNING: Operation failed: 
false for 'list' @ L58
com.google.cloud.datastore.core.exception.DatastoreException: 
false for 'list' @ L58
	at com.google.cloud.datastore.core.exception.DatastoreException$Builder.build(DatastoreException.java:152)
	at com.google.cloud.datastore.emulator.impl.rules.DefaultEmulatorRulesAuthorizer.verboseError(DefaultEmulatorRulesAuthorizer.java:349)
	at com.google.cloud.datastore.emulator.impl.rules.DefaultEmulatorRulesAuthorizer.withVerboseErrors(DefaultEmulatorRulesAuthorizer.java:326)
	at com.google.cloud.datastore.emulator.impl.rules.DefaultEmulatorRulesAuthorizer.checkQuery(DefaultEmulatorRulesAuthorizer.java:193)
	at com.google.cloud.datastore.emulator.impl.firestore.FirestoreEmulatorHelper.ruleAuthorizeAndReadEntities(FirestoreEmulatorHelper.java:804)
	at com.google.cloud.datastore.emulator.impl.firestore.FirestoreEmulatorHelper.snapshotQuery(FirestoreEmulatorHelper.java:654)
	at com.google.cloud.datastore.emulator.impl.firestore.FirestoreEmulatorHelper.lambda$query$0(FirestoreEmulatorHelper.java:638)
	at com.google.cloud.datastore.emulator.impl.transactions.EmulatorTransactionManager$ReadOnlyTransaction.fold(EmulatorTransactionManager.java:429)
	at com.google.cloud.datastore.emulator.impl.firestore.FirestoreEmulatorHelper.query(FirestoreEmulatorHelper.java:636)
	at com.google.cloud.datastore.emulator.impl.firestore.CloudFirestoreV1.listDocuments(CloudFirestoreV1.java:374)
	at com.google.cloud.datastore.emulator.impl.firestore.CloudFirestoreV1Router.listDocuments(CloudFirestoreV1Router.java:139)
	at com.google.cloud.datastore.emulator.impl.firestore.CloudFirestoreV1Router.getOrListDocuments(CloudFirestoreV1Router.java:123)
	at com.google.cloud.datastore.emulator.firestore.v1.FirestoreV1GrpcAdapter$1.lambda$getOrListDocuments$0(FirestoreV1GrpcAdapter.java:108)
	at com.google.cloud.datastore.emulator.firestore.v1.FirestoreV1GrpcAdapter.unary(FirestoreV1GrpcAdapter.java:72)
	at com.google.cloud.datastore.emulator.firestore.v1.FirestoreV1GrpcAdapter$1.getOrListDocuments(FirestoreV1GrpcAdapter.java:108)
	at com.google.firestore.v1.FirestoreGrpc$MethodHandlers.invoke(FirestoreGrpc.java:1376)
	at io.grpc.stub.ServerCalls$UnaryServerCallHandler$UnaryServerCallListener.onHalfClose(ServerCalls.java:182)
	at io.grpc.PartialForwardingServerCallListener.onHalfClose(PartialForwardingServerCallListener.java:35)
	at io.grpc.ForwardingServerCallListener.onHalfClose(ForwardingServerCallListener.java:23)
	at io.grpc.ForwardingServerCallListener$SimpleForwardingServerCallListener.onHalfClose(ForwardingServerCallListener.java:40)
	at io.grpc.Contexts$ContextualizedServerCallListener.onHalfClose(Contexts.java:86)
	at io.grpc.PartialForwardingServerCallListener.onHalfClose(PartialForwardingServerCallListener.java:35)
	at io.grpc.ForwardingServerCallListener.onHalfClose(ForwardingServerCallListener.java:23)
	at io.grpc.ForwardingServerCallListener$SimpleForwardingServerCallListener.onHalfClose(ForwardingServerCallListener.java:40)
	at io.grpc.Contexts$ContextualizedServerCallListener.onHalfClose(Contexts.java:86)
	at io.grpc.internal.ServerCallImpl$ServerStreamListenerImpl.halfClosed(ServerCallImpl.java:356)
	at io.grpc.internal.ServerImpl$JumpToApplicationThreadServerStreamListener$1HalfClosed.runInContext(ServerImpl.java:861)
	at io.grpc.internal.ContextRunnable.run(ContextRunnable.java:37)
	at io.grpc.internal.SerializingExecutor.run(SerializingExecutor.java:133)
	at java.base/java.util.concurrent.ThreadPoolExecutor.runWorker(ThreadPoolExecutor.java:1144)
	at java.base/java.util.concurrent.ThreadPoolExecutor$Worker.run(ThreadPoolExecutor.java:642)
	at java.base/java.lang.Thread.run(Thread.java:1583)

 {"metadata":{"emulator":{"name":"firestore"},"message":"Apr 23, 2026 10:26:38 PM com.google.cloud.datastore.emulator.impl.util.WrappedStreamObserver onError\r\nWARNING: Operation failed: \nfalse for 'list' @ L58\r\ncom.google.cloud.datastore.core.exception.DatastoreException: \nfalse for 'list' @ L58\r\n\tat com.google.cloud.datastore.core.exception.DatastoreException$Builder.build(DatastoreException.java:152)\r\n\tat com.google.cloud.datastore.emulator.impl.rules.DefaultEmulatorRulesAuthorizer.verboseError(DefaultEmulatorRulesAuthorizer.java:349)\r\n\tat com.google.cloud.datastore.emulator.impl.rules.DefaultEmulatorRulesAuthorizer.withVerboseErrors(DefaultEmulatorRulesAuthorizer.java:326)\r\n\tat com.google.cloud.datastore.emulator.impl.rules.DefaultEmulatorRulesAuthorizer.checkQuery(DefaultEmulatorRulesAuthorizer.java:193)\r\n\tat com.google.cloud.datastore.emulator.impl.firestore.FirestoreEmulatorHelper.ruleAuthorizeAndReadEntities(FirestoreEmulatorHelper.java:804)\r\n\tat com.google.cloud.datastore.emulator.impl.firestore.FirestoreEmulatorHelper.snapshotQuery(FirestoreEmulatorHelper.java:654)\r\n\tat com.google.cloud.datastore.emulator.impl.firestore.FirestoreEmulatorHelper.lambda$query$0(FirestoreEmulatorHelper.java:638)\r\n\tat com.google.cloud.datastore.emulator.impl.transactions.EmulatorTransactionManager$ReadOnlyTransaction.fold(EmulatorTransactionManager.java:429)\r\n\tat com.google.cloud.datastore.emulator.impl.firestore.FirestoreEmulatorHelper.query(FirestoreEmulatorHelper.java:636)\r\n\tat com.google.cloud.datastore.emulator.impl.firestore.CloudFirestoreV1.listDocuments(CloudFirestoreV1.java:374)\r\n\tat com.google.cloud.datastore.emulator.impl.firestore.CloudFirestoreV1Router.listDocuments(CloudFirestoreV1Router.java:139)\r\n\tat com.google.cloud.datastore.emulator.impl.firestore.CloudFirestoreV1Router.getOrListDocuments(CloudFirestoreV1Router.java:123)\r\n\tat com.google.cloud.datastore.emulator.firestore.v1.FirestoreV1GrpcAdapter$1.lambda$getOrListDocuments$0(FirestoreV1GrpcAdapter.java:108)\r\n\tat com.google.cloud.datastore.emulator.firestore.v1.FirestoreV1GrpcAdapter.unary(FirestoreV1GrpcAdapter.java:72)\r\n\tat com.google.cloud.datastore.emulator.firestore.v1.FirestoreV1GrpcAdapter$1.getOrListDocuments(FirestoreV1GrpcAdapter.java:108)\r\n\tat com.google.firestore.v1.FirestoreGrpc$MethodHandlers.invoke(FirestoreGrpc.java:1376)\r\n\tat io.grpc.stub.ServerCalls$UnaryServerCallHandler$UnaryServerCallListener.onHalfClose(ServerCalls.java:182)\r\n\tat io.grpc.PartialForwardingServerCallListener.onHalfClose(PartialForwardingServerCallListener.java:35)\r\n\tat io.grpc.ForwardingServerCallListener.onHalfClose(ForwardingServerCallListener.java:23)\r\n\tat io.grpc.ForwardingServerCallListener$SimpleForwardingServerCallListener.onHalfClose(ForwardingServerCallListener.java:40)\r\n\tat io.grpc.Contexts$ContextualizedServerCallListener.onHalfClose(Contexts.java:86)\r\n\tat io.grpc.PartialForwardingServerCallListener.onHalfClose(PartialForwardingServerCallListener.java:35)\r\n\tat io.grpc.ForwardingServerCallListener.onHalfClose(ForwardingServerCallListener.java:23)\r\n\tat io.grpc.ForwardingServerCallListener$SimpleForwardingServerCallListener.onHalfClose(ForwardingServerCallListener.java:40)\r\n\tat io.grpc.Contexts$ContextualizedServerCallListener.onHalfClose(Contexts.java:86)\r\n\tat io.grpc.internal.ServerCallImpl$ServerStreamListenerImpl.halfClosed(ServerCallImpl.java:356)\r\n\tat io.grpc.internal.ServerImpl$JumpToApplicationThreadServerStreamListener$1HalfClosed.runInContext(ServerImpl.java:861)\r\n\tat io.grpc.internal.ContextRunnable.run(ContextRunnable.java:37)\r\n\tat io.grpc.internal.SerializingExecutor.run(SerializingExecutor.java:133)\r\n\tat java.base/java.util.concurrent.ThreadPoolExecutor.runWorker(ThreadPoolExecutor.java:1144)\r\n\tat java.base/java.util.concurrent.ThreadPoolExecutor$Worker.run(ThreadPoolExecutor.java:642)\r\n\tat java.base/java.lang.Thread.run(Thread.java:1583)\r\n\r\n"}}
[debug] [2026-04-23T19:26:38.407Z] Apr 23, 2026 10:26:38 PM io.gapi.emulators.netty.HttpHandler$1 onError
INFO: Exception when handling request: PERMISSION_DENIED: 
false for 'list' @ L58
 {"metadata":{"emulator":{"name":"firestore"},"message":"Apr 23, 2026 10:26:38 PM io.gapi.emulators.netty.HttpHandler$1 onError\r\nINFO: Exception when handling request: PERMISSION_DENIED: \nfalse for 'list' @ L58\r\n"}}
[debug] [2026-04-23T19:29:17.927Z] Apr 23, 2026 10:29:17 PM io.gapi.emulators.netty.HttpVersionRoutingHandler channelRead
INFO: Detected non-HTTP/2 connection.
 {"metadata":{"emulator":{"name":"firestore"},"message":"Apr 23, 2026 10:29:17 PM io.gapi.emulators.netty.HttpVersionRoutingHandler channelRead\r\nINFO: Detected non-HTTP/2 connection.\r\n"}}
[debug] [2026-04-23T19:29:17.987Z] Apr 23, 2026 10:29:17 PM io.netty.channel.DefaultChannelPipeline onUnhandledInboundException
WARNING: An exceptionCaught() event was fired, and it reached at the tail of the pipeline. It usually means the last handler in the pipeline did not handle the exception.
java.net.SocketException: Connection reset
	at java.base/sun.nio.ch.SocketChannelImpl.throwConnectionReset(SocketChannelImpl.java:401)
	at java.base/sun.nio.ch.SocketChannelImpl.read(SocketChannelImpl.java:434)
	at io.netty.buffer.PooledByteBuf.setBytes(PooledByteBuf.java:255)
	at io.netty.buffer.AbstractByteBuf.writeBytes(AbstractByteBuf.java:1132)
	at io.netty.channel.socket.nio.NioSocketChannel.doReadBytes(NioSocketChannel.java:356)
	at io.netty.channel.nio.AbstractNioByteChannel$NioByteUnsafe.read(AbstractNioByteChannel.java:151)
	at io.netty.channel.nio.NioEventLoop.processSelectedKey(NioEventLoop.java:796)
	at io.netty.channel.nio.NioEventLoop.processSelectedKeysOptimized(NioEventLoop.java:732)
	at io.netty.channel.nio.NioEventLoop.processSelectedKeys(NioEventLoop.java:658)
	at io.netty.channel.nio.NioEventLoop.run(NioEventLoop.java:562)
	at io.netty.util.concurrent.SingleThreadEventExecutor$4.run(SingleThreadEventExecutor.java:998)
	at io.netty.util.internal.ThreadExecutorMap$2.run(ThreadExecutorMap.java:74)
	at io.netty.util.concurrent.FastThreadLocalRunnable.run(FastThreadLocalRunnable.java:30)
	at java.base/java.lang.Thread.run(Thread.java:1583)

 {"metadata":{"emulator":{"name":"firestore"},"message":"Apr 23, 2026 10:29:17 PM io.netty.channel.DefaultChannelPipeline onUnhandledInboundException\r\nWARNING: An exceptionCaught() event was fired, and it reached at the tail of the pipeline. It usually means the last handler in the pipeline did not handle the exception.\r\njava.net.SocketException: Connection reset\r\n\tat java.base/sun.nio.ch.SocketChannelImpl.throwConnectionReset(SocketChannelImpl.java:401)\r\n\tat java.base/sun.nio.ch.SocketChannelImpl.read(SocketChannelImpl.java:434)\r\n\tat io.netty.buffer.PooledByteBuf.setBytes(PooledByteBuf.java:255)\r\n\tat io.netty.buffer.AbstractByteBuf.writeBytes(AbstractByteBuf.java:1132)\r\n\tat io.netty.channel.socket.nio.NioSocketChannel.doReadBytes(NioSocketChannel.java:356)\r\n\tat io.netty.channel.nio.AbstractNioByteChannel$NioByteUnsafe.read(AbstractNioByteChannel.java:151)\r\n\tat io.netty.channel.nio.NioEventLoop.processSelectedKey(NioEventLoop.java:796)\r\n\tat io.netty.channel.nio.NioEventLoop.processSelectedKeysOptimized(NioEventLoop.java:732)\r\n\tat io.netty.channel.nio.NioEventLoop.processSelectedKeys(NioEventLoop.java:658)\r\n\tat io.netty.channel.nio.NioEventLoop.run(NioEventLoop.java:562)\r\n\tat io.netty.util.concurrent.SingleThreadEventExecutor$4.run(SingleThreadEventExecutor.java:998)\r\n\tat io.netty.util.internal.ThreadExecutorMap$2.run(ThreadExecutorMap.java:74)\r\n\tat io.netty.util.concurrent.FastThreadLocalRunnable.run(FastThreadLocalRunnable.java:30)\r\n\tat java.base/java.lang.Thread.run(Thread.java:1583)\r\n\r\n"}}
[debug] [2026-04-23T19:29:29.007Z] Apr 23, 2026 10:29:29 PM io.gapi.emulators.netty.HttpVersionRoutingHandler channelRead
INFO: Detected non-HTTP/2 connection.
 {"metadata":{"emulator":{"name":"firestore"},"message":"Apr 23, 2026 10:29:29 PM io.gapi.emulators.netty.HttpVersionRoutingHandler channelRead\r\nINFO: Detected non-HTTP/2 connection.\r\n"}}
[debug] [2026-04-23T19:29:29.011Z] Apr 23, 2026 10:29:29 PM com.google.cloud.datastore.emulator.impl.util.WrappedStreamObserver onError
WARNING: Operation failed: invalid jwt
com.google.cloud.datastore.core.exception.DatastoreException: invalid jwt
	at com.google.cloud.datastore.core.exception.DatastoreException$Builder.build(DatastoreException.java:152)
	at com.google.cloud.datastore.emulator.impl.context.EmulatorAuthorization.fromHeader(EmulatorAuthorization.java:109)
	at com.google.cloud.datastore.emulator.impl.firestore.CloudFirestoreV1Router.constructRequestContext(CloudFirestoreV1Router.java:480)
	at com.google.cloud.datastore.emulator.impl.firestore.CloudFirestoreV1Router.updateDocument(CloudFirestoreV1Router.java:152)
	at com.google.cloud.datastore.emulator.firestore.v1.FirestoreV1GrpcAdapter$1.lambda$updateDocument$0(FirestoreV1GrpcAdapter.java:132)
	at com.google.cloud.datastore.emulator.firestore.v1.FirestoreV1GrpcAdapter.unary(FirestoreV1GrpcAdapter.java:72)
	at com.google.cloud.datastore.emulator.firestore.v1.FirestoreV1GrpcAdapter$1.updateDocument(FirestoreV1GrpcAdapter.java:132)
	at com.google.firestore.v1.FirestoreGrpc$MethodHandlers.invoke(FirestoreGrpc.java:1388)
	at io.grpc.stub.ServerCalls$UnaryServerCallHandler$UnaryServerCallListener.onHalfClose(ServerCalls.java:182)
	at io.grpc.PartialForwardingServerCallListener.onHalfClose(PartialForwardingServerCallListener.java:35)
	at io.grpc.ForwardingServerCallListener.onHalfClose(ForwardingServerCallListener.java:23)
	at io.grpc.ForwardingServerCallListener$SimpleForwardingServerCallListener.onHalfClose(ForwardingServerCallListener.java:40)
	at io.grpc.Contexts$ContextualizedServerCallListener.onHalfClose(Contexts.java:86)
	at io.grpc.PartialForwardingServerCallListener.onHalfClose(PartialForwardingServerCallListener.java:35)
	at io.grpc.ForwardingServerCallListener.onHalfClose(ForwardingServerCallListener.java:23)
	at io.grpc.ForwardingServerCallListener$SimpleForwardingServerCallListener.onHalfClose(ForwardingServerCallListener.java:40)
	at io.grpc.Contexts$ContextualizedServerCallListener.onHalfClose(Contexts.java:86)
	at io.grpc.internal.ServerCallImpl$ServerStreamListenerImpl.halfClosed(ServerCallImpl.java:356)
	at io.grpc.internal.ServerImpl$JumpToApplicationThreadServerStreamListener$1HalfClosed.runInContext(ServerImpl.java:861)
	at io.grpc.internal.ContextRunnable.run(ContextRunnable.java:37)
	at io.grpc.internal.SerializingExecutor.run(SerializingExecutor.java:133)
	at java.base/java.util.concurrent.ThreadPoolExecutor.runWorker(ThreadPoolExecutor.java:1144)
	at java.base/java.util.concurrent.ThreadPoolExecutor$Worker.run(ThreadPoolExecutor.java:642)
	at java.base/java.lang.Thread.run(Thread.java:1583)
Caused by: com.google.firebase.firebear.client.JwtVerificationException: Invalid JWT Token. The JWT Token should consist of three parts separated by dot.
	at com.google.firebase.firebear.client.JwtToken.deserialize(JwtToken.java:124)
	at com.google.cloud.datastore.emulator.impl.context.EmulatorAuthorization.fromHeader(EmulatorAuthorization.java:101)
	... 22 more

 {"metadata":{"emulator":{"name":"firestore"},"message":"Apr 23, 2026 10:29:29 PM com.google.cloud.datastore.emulator.impl.util.WrappedStreamObserver onError\r\nWARNING: Operation failed: invalid jwt\r\ncom.google.cloud.datastore.core.exception.DatastoreException: invalid jwt\r\n\tat com.google.cloud.datastore.core.exception.DatastoreException$Builder.build(DatastoreException.java:152)\r\n\tat com.google.cloud.datastore.emulator.impl.context.EmulatorAuthorization.fromHeader(EmulatorAuthorization.java:109)\r\n\tat com.google.cloud.datastore.emulator.impl.firestore.CloudFirestoreV1Router.constructRequestContext(CloudFirestoreV1Router.java:480)\r\n\tat com.google.cloud.datastore.emulator.impl.firestore.CloudFirestoreV1Router.updateDocument(CloudFirestoreV1Router.java:152)\r\n\tat com.google.cloud.datastore.emulator.firestore.v1.FirestoreV1GrpcAdapter$1.lambda$updateDocument$0(FirestoreV1GrpcAdapter.java:132)\r\n\tat com.google.cloud.datastore.emulator.firestore.v1.FirestoreV1GrpcAdapter.unary(FirestoreV1GrpcAdapter.java:72)\r\n\tat com.google.cloud.datastore.emulator.firestore.v1.FirestoreV1GrpcAdapter$1.updateDocument(FirestoreV1GrpcAdapter.java:132)\r\n\tat com.google.firestore.v1.FirestoreGrpc$MethodHandlers.invoke(FirestoreGrpc.java:1388)\r\n\tat io.grpc.stub.ServerCalls$UnaryServerCallHandler$UnaryServerCallListener.onHalfClose(ServerCalls.java:182)\r\n\tat io.grpc.PartialForwardingServerCallListener.onHalfClose(PartialForwardingServerCallListener.java:35)\r\n\tat io.grpc.ForwardingServerCallListener.onHalfClose(ForwardingServerCallListener.java:23)\r\n\tat io.grpc.ForwardingServerCallListener$SimpleForwardingServerCallListener.onHalfClose(ForwardingServerCallListener.java:40)\r\n\tat io.grpc.Contexts$ContextualizedServerCallListener.onHalfClose(Contexts.java:86)\r\n\tat io.grpc.PartialForwardingServerCallListener.onHalfClose(PartialForwardingServerCallListener.java:35)\r\n\tat io.grpc.ForwardingServerCallListener.onHalfClose(ForwardingServerCallListener.java:23)\r\n\tat io.grpc.ForwardingServerCallListener$SimpleForwardingServerCallListener.onHalfClose(ForwardingServerCallListener.java:40)\r\n\tat io.grpc.Contexts$ContextualizedServerCallListener.onHalfClose(Contexts.java:86)\r\n\tat io.grpc.internal.ServerCallImpl$ServerStreamListenerImpl.halfClosed(ServerCallImpl.java:356)\r\n\tat io.grpc.internal.ServerImpl$JumpToApplicationThreadServerStreamListener$1HalfClosed.runInContext(ServerImpl.java:861)\r\n\tat io.grpc.internal.ContextRunnable.run(ContextRunnable.java:37)\r\n\tat io.grpc.internal.SerializingExecutor.run(SerializingExecutor.java:133)\r\n\tat java.base/java.util.concurrent.ThreadPoolExecutor.runWorker(ThreadPoolExecutor.java:1144)\r\n\tat java.base/java.util.concurrent.ThreadPoolExecutor$Worker.run(ThreadPoolExecutor.java:642)\r\n\tat java.base/java.lang.Thread.run(Thread.java:1583)\r\nCaused by: com.google.firebase.firebear.client.JwtVerificationException: Invalid JWT Token. The JWT Token should consist of three parts separated by dot.\r\n\tat com.google.firebase.firebear.client.JwtToken.deserialize(JwtToken.java:124)\r\n\tat com.google.cloud.datastore.emulator.impl.context.EmulatorAuthorization.fromHeader(EmulatorAuthorization.java:101)\r\n\t... 22 more\r\n\r\n"}}
[debug] [2026-04-23T19:29:29.012Z] Apr 23, 2026 10:29:29 PM io.gapi.emulators.netty.HttpHandler$1 onError
INFO: Exception when handling request: INVALID_ARGUMENT: invalid jwt
 {"metadata":{"emulator":{"name":"firestore"},"message":"Apr 23, 2026 10:29:29 PM io.gapi.emulators.netty.HttpHandler$1 onError\r\nINFO: Exception when handling request: INVALID_ARGUMENT: invalid jwt\r\n"}}
[debug] [2026-04-23T19:29:29.049Z] Apr 23, 2026 10:29:29 PM io.netty.channel.DefaultChannelPipeline onUnhandledInboundException
WARNING: An exceptionCaught() event was fired, and it reached at the tail of the pipeline. It usually means the last handler in the pipeline did not handle the exception.
java.net.SocketException: Connection reset
	at java.base/sun.nio.ch.SocketChannelImpl.throwConnectionReset(SocketChannelImpl.java:401)
	at java.base/sun.nio.ch.SocketChannelImpl.read(SocketChannelImpl.java:434)
	at io.netty.buffer.PooledByteBuf.setBytes(PooledByteBuf.java:255)
	at io.netty.buffer.AbstractByteBuf.writeBytes(AbstractByteBuf.java:1132)
	at io.netty.channel.socket.nio.NioSocketChannel.doReadBytes(NioSocketChannel.java:356)
	at io.netty.channel.nio.AbstractNioByteChannel$NioByteUnsafe.read(AbstractNioByteChannel.java:151)
	at io.netty.channel.nio.NioEventLoop.processSelectedKey(NioEventLoop.java:796)
	at io.netty.channel.nio.NioEventLoop.processSelectedKeysOptimized(NioEventLoop.java:732)
	at io.netty.channel.nio.NioEventLoop.processSelectedKeys(NioEventLoop.java:658)
	at io.netty.channel.nio.NioEventLoop.run(NioEventLoop.java:562)
	at io.netty.util.concurrent.SingleThreadEventExecutor$4.run(SingleThreadEventExecutor.java:998)
	at io.netty.util.internal.ThreadExecutorMap$2.run(ThreadExecutorMap.java:74)
	at io.netty.util.concurrent.FastThreadLocalRunnable.run(FastThreadLocalRunnable.java:30)
	at java.base/java.lang.Thread.run(Thread.java:1583)

 {"metadata":{"emulator":{"name":"firestore"},"message":"Apr 23, 2026 10:29:29 PM io.netty.channel.DefaultChannelPipeline onUnhandledInboundException\r\nWARNING: An exceptionCaught() event was fired, and it reached at the tail of the pipeline. It usually means the last handler in the pipeline did not handle the exception.\r\njava.net.SocketException: Connection reset\r\n\tat java.base/sun.nio.ch.SocketChannelImpl.throwConnectionReset(SocketChannelImpl.java:401)\r\n\tat java.base/sun.nio.ch.SocketChannelImpl.read(SocketChannelImpl.java:434)\r\n\tat io.netty.buffer.PooledByteBuf.setBytes(PooledByteBuf.java:255)\r\n\tat io.netty.buffer.AbstractByteBuf.writeBytes(AbstractByteBuf.java:1132)\r\n\tat io.netty.channel.socket.nio.NioSocketChannel.doReadBytes(NioSocketChannel.java:356)\r\n\tat io.netty.channel.nio.AbstractNioByteChannel$NioByteUnsafe.read(AbstractNioByteChannel.java:151)\r\n\tat io.netty.channel.nio.NioEventLoop.processSelectedKey(NioEventLoop.java:796)\r\n\tat io.netty.channel.nio.NioEventLoop.processSelectedKeysOptimized(NioEventLoop.java:732)\r\n\tat io.netty.channel.nio.NioEventLoop.processSelectedKeys(NioEventLoop.java:658)\r\n\tat io.netty.channel.nio.NioEventLoop.run(NioEventLoop.java:562)\r\n\tat io.netty.util.concurrent.SingleThreadEventExecutor$4.run(SingleThreadEventExecutor.java:998)\r\n\tat io.netty.util.internal.ThreadExecutorMap$2.run(ThreadExecutorMap.java:74)\r\n\tat io.netty.util.concurrent.FastThreadLocalRunnable.run(FastThreadLocalRunnable.java:30)\r\n\tat java.base/java.lang.Thread.run(Thread.java:1583)\r\n\r\n"}}
[debug] [2026-04-23T19:29:40.890Z] Apr 23, 2026 10:29:40 PM io.gapi.emulators.netty.HttpVersionRoutingHandler channelRead
INFO: Detected non-HTTP/2 connection.
 {"metadata":{"emulator":{"name":"firestore"},"message":"Apr 23, 2026 10:29:40 PM io.gapi.emulators.netty.HttpVersionRoutingHandler channelRead\r\nINFO: Detected non-HTTP/2 connection.\r\n"}}
[debug] [2026-04-23T19:29:40.895Z] Apr 23, 2026 10:29:40 PM com.google.cloud.datastore.emulator.impl.util.WrappedStreamObserver onError
WARNING: Operation failed: invalid jwt
com.google.cloud.datastore.core.exception.DatastoreException: invalid jwt
	at com.google.cloud.datastore.core.exception.DatastoreException$Builder.build(DatastoreException.java:152)
	at com.google.cloud.datastore.emulator.impl.context.EmulatorAuthorization.fromHeader(EmulatorAuthorization.java:109)
	at com.google.cloud.datastore.emulator.impl.firestore.CloudFirestoreV1Router.constructRequestContext(CloudFirestoreV1Router.java:480)
	at com.google.cloud.datastore.emulator.impl.firestore.CloudFirestoreV1Router.getDocument(CloudFirestoreV1Router.java:132)
	at com.google.cloud.datastore.emulator.impl.firestore.CloudFirestoreV1Router.getOrListDocuments(CloudFirestoreV1Router.java:126)
	at com.google.cloud.datastore.emulator.firestore.v1.FirestoreV1GrpcAdapter$1.lambda$getOrListDocuments$0(FirestoreV1GrpcAdapter.java:108)
	at com.google.cloud.datastore.emulator.firestore.v1.FirestoreV1GrpcAdapter.unary(FirestoreV1GrpcAdapter.java:72)
	at com.google.cloud.datastore.emulator.firestore.v1.FirestoreV1GrpcAdapter$1.getOrListDocuments(FirestoreV1GrpcAdapter.java:108)
	at com.google.firestore.v1.FirestoreGrpc$MethodHandlers.invoke(FirestoreGrpc.java:1376)
	at io.grpc.stub.ServerCalls$UnaryServerCallHandler$UnaryServerCallListener.onHalfClose(ServerCalls.java:182)
	at io.grpc.PartialForwardingServerCallListener.onHalfClose(PartialForwardingServerCallListener.java:35)
	at io.grpc.ForwardingServerCallListener.onHalfClose(ForwardingServerCallListener.java:23)
	at io.grpc.ForwardingServerCallListener$SimpleForwardingServerCallListener.onHalfClose(ForwardingServerCallListener.java:40)
	at io.grpc.Contexts$ContextualizedServerCallListener.onHalfClose(Contexts.java:86)
	at io.grpc.PartialForwardingServerCallListener.onHalfClose(PartialForwardingServerCallListener.java:35)
	at io.grpc.ForwardingServerCallListener.onHalfClose(ForwardingServerCallListener.java:23)
	at io.grpc.ForwardingServerCallListener$SimpleForwardingServerCallListener.onHalfClose(ForwardingServerCallListener.java:40)
	at io.grpc.Contexts$ContextualizedServerCallListener.onHalfClose(Contexts.java:86)
	at io.grpc.internal.ServerCallImpl$ServerStreamListenerImpl.halfClosed(ServerCallImpl.java:356)
	at io.grpc.internal.ServerImpl$JumpToApplicationThreadServerStreamListener$1HalfClosed.runInContext(ServerImpl.java:861)
	at io.grpc.internal.ContextRunnable.run(ContextRunnable.java:37)
	at io.grpc.internal.SerializingExecutor.run(SerializingExecutor.java:133)
	at java.base/java.util.concurrent.ThreadPoolExecutor.runWorker(ThreadPoolExecutor.java:1144)
	at java.base/java.util.concurrent.ThreadPoolExecutor$Worker.run(ThreadPoolExecutor.java:642)
	at java.base/java.lang.Thread.run(Thread.java:1583)
Caused by: com.google.firebase.firebear.client.JwtVerificationException: Invalid JWT Token. The JWT Token should consist of three parts separated by dot.
	at com.google.firebase.firebear.client.JwtToken.deserialize(JwtToken.java:124)
	at com.google.cloud.datastore.emulator.impl.context.EmulatorAuthorization.fromHeader(EmulatorAuthorization.java:101)
	... 23 more

 {"metadata":{"emulator":{"name":"firestore"},"message":"Apr 23, 2026 10:29:40 PM com.google.cloud.datastore.emulator.impl.util.WrappedStreamObserver onError\r\nWARNING: Operation failed: invalid jwt\r\ncom.google.cloud.datastore.core.exception.DatastoreException: invalid jwt\r\n\tat com.google.cloud.datastore.core.exception.DatastoreException$Builder.build(DatastoreException.java:152)\r\n\tat com.google.cloud.datastore.emulator.impl.context.EmulatorAuthorization.fromHeader(EmulatorAuthorization.java:109)\r\n\tat com.google.cloud.datastore.emulator.impl.firestore.CloudFirestoreV1Router.constructRequestContext(CloudFirestoreV1Router.java:480)\r\n\tat com.google.cloud.datastore.emulator.impl.firestore.CloudFirestoreV1Router.getDocument(CloudFirestoreV1Router.java:132)\r\n\tat com.google.cloud.datastore.emulator.impl.firestore.CloudFirestoreV1Router.getOrListDocuments(CloudFirestoreV1Router.java:126)\r\n\tat com.google.cloud.datastore.emulator.firestore.v1.FirestoreV1GrpcAdapter$1.lambda$getOrListDocuments$0(FirestoreV1GrpcAdapter.java:108)\r\n\tat com.google.cloud.datastore.emulator.firestore.v1.FirestoreV1GrpcAdapter.unary(FirestoreV1GrpcAdapter.java:72)\r\n\tat com.google.cloud.datastore.emulator.firestore.v1.FirestoreV1GrpcAdapter$1.getOrListDocuments(FirestoreV1GrpcAdapter.java:108)\r\n\tat com.google.firestore.v1.FirestoreGrpc$MethodHandlers.invoke(FirestoreGrpc.java:1376)\r\n\tat io.grpc.stub.ServerCalls$UnaryServerCallHandler$UnaryServerCallListener.onHalfClose(ServerCalls.java:182)\r\n\tat io.grpc.PartialForwardingServerCallListener.onHalfClose(PartialForwardingServerCallListener.java:35)\r\n\tat io.grpc.ForwardingServerCallListener.onHalfClose(ForwardingServerCallListener.java:23)\r\n\tat io.grpc.ForwardingServerCallListener$SimpleForwardingServerCallListener.onHalfClose(ForwardingServerCallListener.java:40)\r\n\tat io.grpc.Contexts$ContextualizedServerCallListener.onHalfClose(Contexts.java:86)\r\n\tat io.grpc.PartialForwardingServerCallListener.onHalfClose(PartialForwardingServerCallListener.java:35)\r\n\tat io.grpc.ForwardingServerCallListener.onHalfClose(ForwardingServerCallListener.java:23)\r\n\tat io.grpc.ForwardingServerCallListener$SimpleForwardingServerCallListener.onHalfClose(ForwardingServerCallListener.java:40)\r\n\tat io.grpc.Contexts$ContextualizedServerCallListener.onHalfClose(Contexts.java:86)\r\n\tat io.grpc.internal.ServerCallImpl$ServerStreamListenerImpl.halfClosed(ServerCallImpl.java:356)\r\n\tat io.grpc.internal.ServerImpl$JumpToApplicationThreadServerStreamListener$1HalfClosed.runInContext(ServerImpl.java:861)\r\n\tat io.grpc.internal.ContextRunnable.run(ContextRunnable.java:37)\r\n\tat io.grpc.internal.SerializingExecutor.run(SerializingExecutor.java:133)\r\n\tat java.base/java.util.concurrent.ThreadPoolExecutor.runWorker(ThreadPoolExecutor.java:1144)\r\n\tat java.base/java.util.concurrent.ThreadPoolExecutor$Worker.run(ThreadPoolExecutor.java:642)\r\n\tat java.base/java.lang.Thread.run(Thread.java:1583)\r\nCaused by: com.google.firebase.firebear.client.JwtVerificationException: Invalid JWT Token. The JWT Token should consist of three parts separated by dot.\r\n\tat com.google.firebase.firebear.client.JwtToken.deserialize(JwtToken.java:124)\r\n\tat com.google.cloud.datastore.emulator.impl.context.EmulatorAuthorization.fromHeader(EmulatorAuthorization.java:101)\r\n\t... 23 more\r\n\r\n"}}
[debug] [2026-04-23T19:29:40.896Z] Apr 23, 2026 10:29:40 PM io.gapi.emulators.netty.HttpHandler$1 onError
INFO: Exception when handling request: INVALID_ARGUMENT: invalid jwt
 {"metadata":{"emulator":{"name":"firestore"},"message":"Apr 23, 2026 10:29:40 PM io.gapi.emulators.netty.HttpHandler$1 onError\r\nINFO: Exception when handling request: INVALID_ARGUMENT: invalid jwt\r\n"}}
[debug] [2026-04-23T19:29:40.918Z] Apr 23, 2026 10:29:40 PM io.netty.channel.DefaultChannelPipeline onUnhandledInboundException
WARNING: An exceptionCaught() event was fired, and it reached at the tail of the pipeline. It usually means the last handler in the pipeline did not handle the exception.
java.net.SocketException: Connection reset
	at java.base/sun.nio.ch.SocketChannelImpl.throwConnectionReset(SocketChannelImpl.java:401)
	at java.base/sun.nio.ch.SocketChannelImpl.read(SocketChannelImpl.java:434)
	at io.netty.buffer.PooledByteBuf.setBytes(PooledByteBuf.java:255)
	at io.netty.buffer.AbstractByteBuf.writeBytes(AbstractByteBuf.java:1132)
	at io.netty.channel.socket.nio.NioSocketChannel.doReadBytes(NioSocketChannel.java:356)
	at io.netty.channel.nio.AbstractNioByteChannel$NioByteUnsafe.read(AbstractNioByteChannel.java:151)
	at io.netty.channel.nio.NioEventLoop.processSelectedKey(NioEventLoop.java:796)
	at io.netty.channel.nio.NioEventLoop.processSelectedKeysOptimized(NioEventLoop.java:732)
	at io.netty.channel.nio.NioEventLoop.processSelectedKeys(NioEventLoop.java:658)
	at io.netty.channel.nio.NioEventLoop.run(NioEventLoop.java:562)
	at io.netty.util.concurrent.SingleThreadEventExecutor$4.run(SingleThreadEventExecutor.java:998)
	at io.netty.util.internal.ThreadExecutorMap$2.run(ThreadExecutorMap.java:74)
	at io.netty.util.concurrent.FastThreadLocalRunnable.run(FastThreadLocalRunnable.java:30)
	at java.base/java.lang.Thread.run(Thread.java:1583)

 {"metadata":{"emulator":{"name":"firestore"},"message":"Apr 23, 2026 10:29:40 PM io.netty.channel.DefaultChannelPipeline onUnhandledInboundException\r\nWARNING: An exceptionCaught() event was fired, and it reached at the tail of the pipeline. It usually means the last handler in the pipeline did not handle the exception.\r\njava.net.SocketException: Connection reset\r\n\tat java.base/sun.nio.ch.SocketChannelImpl.throwConnectionReset(SocketChannelImpl.java:401)\r\n\tat java.base/sun.nio.ch.SocketChannelImpl.read(SocketChannelImpl.java:434)\r\n\tat io.netty.buffer.PooledByteBuf.setBytes(PooledByteBuf.java:255)\r\n\tat io.netty.buffer.AbstractByteBuf.writeBytes(AbstractByteBuf.java:1132)\r\n\tat io.netty.channel.socket.nio.NioSocketChannel.doReadBytes(NioSocketChannel.java:356)\r\n\tat io.netty.channel.nio.AbstractNioByteChannel$NioByteUnsafe.read(AbstractNioByteChannel.java:151)\r\n\tat io.netty.channel.nio.NioEventLoop.processSelectedKey(NioEventLoop.java:796)\r\n\tat io.netty.channel.nio.NioEventLoop.processSelectedKeysOptimized(NioEventLoop.java:732)\r\n\tat io.netty.channel.nio.NioEventLoop.processSelectedKeys(NioEventLoop.java:658)\r\n\tat io.netty.channel.nio.NioEventLoop.run(NioEventLoop.java:562)\r\n\tat io.netty.util.concurrent.SingleThreadEventExecutor$4.run(SingleThreadEventExecutor.java:998)\r\n\tat io.netty.util.internal.ThreadExecutorMap$2.run(ThreadExecutorMap.java:74)\r\n\tat io.netty.util.concurrent.FastThreadLocalRunnable.run(FastThreadLocalRunnable.java:30)\r\n\tat java.base/java.lang.Thread.run(Thread.java:1583)\r\n\r\n"}}
[debug] [2026-04-23T19:30:10.419Z] Apr 23, 2026 10:30:10 PM io.gapi.emulators.netty.HttpVersionRoutingHandler channelRead
INFO: Detected non-HTTP/2 connection.
 {"metadata":{"emulator":{"name":"firestore"},"message":"Apr 23, 2026 10:30:10 PM io.gapi.emulators.netty.HttpVersionRoutingHandler channelRead\r\nINFO: Detected non-HTTP/2 connection.\r\n"}}
[debug] [2026-04-23T19:30:10.422Z] Apr 23, 2026 10:30:10 PM com.google.cloud.datastore.emulator.impl.util.WrappedStreamObserver onError
WARNING: Operation failed: invalid jwt
com.google.cloud.datastore.core.exception.DatastoreException: invalid jwt
	at com.google.cloud.datastore.core.exception.DatastoreException$Builder.build(DatastoreException.java:152)
	at com.google.cloud.datastore.emulator.impl.context.EmulatorAuthorization.fromHeader(EmulatorAuthorization.java:109)
	at com.google.cloud.datastore.emulator.impl.firestore.CloudFirestoreV1Router.constructRequestContext(CloudFirestoreV1Router.java:480)
	at com.google.cloud.datastore.emulator.impl.firestore.CloudFirestoreV1Router.getDocument(CloudFirestoreV1Router.java:132)
	at com.google.cloud.datastore.emulator.impl.firestore.CloudFirestoreV1Router.getOrListDocuments(CloudFirestoreV1Router.java:126)
	at com.google.cloud.datastore.emulator.firestore.v1.FirestoreV1GrpcAdapter$1.lambda$getOrListDocuments$0(FirestoreV1GrpcAdapter.java:108)
	at com.google.cloud.datastore.emulator.firestore.v1.FirestoreV1GrpcAdapter.unary(FirestoreV1GrpcAdapter.java:72)
	at com.google.cloud.datastore.emulator.firestore.v1.FirestoreV1GrpcAdapter$1.getOrListDocuments(FirestoreV1GrpcAdapter.java:108)
	at com.google.firestore.v1.FirestoreGrpc$MethodHandlers.invoke(FirestoreGrpc.java:1376)
	at io.grpc.stub.ServerCalls$UnaryServerCallHandler$UnaryServerCallListener.onHalfClose(ServerCalls.java:182)
	at io.grpc.PartialForwardingServerCallListener.onHalfClose(PartialForwardingServerCallListener.java:35)
	at io.grpc.ForwardingServerCallListener.onHalfClose(ForwardingServerCallListener.java:23)
	at io.grpc.ForwardingServerCallListener$SimpleForwardingServerCallListener.onHalfClose(ForwardingServerCallListener.java:40)
	at io.grpc.Contexts$ContextualizedServerCallListener.onHalfClose(Contexts.java:86)
	at io.grpc.PartialForwardingServerCallListener.onHalfClose(PartialForwardingServerCallListener.java:35)
	at io.grpc.ForwardingServerCallListener.onHalfClose(ForwardingServerCallListener.java:23)
	at io.grpc.ForwardingServerCallListener$SimpleForwardingServerCallListener.onHalfClose(ForwardingServerCallListener.java:40)
	at io.grpc.Contexts$ContextualizedServerCallListener.onHalfClose(Contexts.java:86)
	at io.grpc.internal.ServerCallImpl$ServerStreamListenerImpl.halfClosed(ServerCallImpl.java:356)
	at io.grpc.internal.ServerImpl$JumpToApplicationThreadServerStreamListener$1HalfClosed.runInContext(ServerImpl.java:861)
	at io.grpc.internal.ContextRunnable.run(ContextRunnable.java:37)
	at io.grpc.internal.SerializingExecutor.run(SerializingExecutor.java:133)
	at java.base/java.util.concurrent.ThreadPoolExecutor.runWorker(ThreadPoolExecutor.java:1144)
	at java.base/java.util.concurrent.ThreadPoolExecutor$Worker.run(ThreadPoolExecutor.java:642)
	at java.base/java.lang.Thread.run(Thread.java:1583)
Caused by: com.google.firebase.firebear.client.JwtVerificationException: Invalid JWT Token. The JWT Token should consist of three parts separated by dot.
	at com.google.firebase.firebear.client.JwtToken.deserialize(JwtToken.java:124)
	at com.google.cloud.datastore.emulator.impl.context.EmulatorAuthorization.fromHeader(EmulatorAuthorization.java:101)
	... 23 more

 {"metadata":{"emulator":{"name":"firestore"},"message":"Apr 23, 2026 10:30:10 PM com.google.cloud.datastore.emulator.impl.util.WrappedStreamObserver onError\r\nWARNING: Operation failed: invalid jwt\r\ncom.google.cloud.datastore.core.exception.DatastoreException: invalid jwt\r\n\tat com.google.cloud.datastore.core.exception.DatastoreException$Builder.build(DatastoreException.java:152)\r\n\tat com.google.cloud.datastore.emulator.impl.context.EmulatorAuthorization.fromHeader(EmulatorAuthorization.java:109)\r\n\tat com.google.cloud.datastore.emulator.impl.firestore.CloudFirestoreV1Router.constructRequestContext(CloudFirestoreV1Router.java:480)\r\n\tat com.google.cloud.datastore.emulator.impl.firestore.CloudFirestoreV1Router.getDocument(CloudFirestoreV1Router.java:132)\r\n\tat com.google.cloud.datastore.emulator.impl.firestore.CloudFirestoreV1Router.getOrListDocuments(CloudFirestoreV1Router.java:126)\r\n\tat com.google.cloud.datastore.emulator.firestore.v1.FirestoreV1GrpcAdapter$1.lambda$getOrListDocuments$0(FirestoreV1GrpcAdapter.java:108)\r\n\tat com.google.cloud.datastore.emulator.firestore.v1.FirestoreV1GrpcAdapter.unary(FirestoreV1GrpcAdapter.java:72)\r\n\tat com.google.cloud.datastore.emulator.firestore.v1.FirestoreV1GrpcAdapter$1.getOrListDocuments(FirestoreV1GrpcAdapter.java:108)\r\n\tat com.google.firestore.v1.FirestoreGrpc$MethodHandlers.invoke(FirestoreGrpc.java:1376)\r\n\tat io.grpc.stub.ServerCalls$UnaryServerCallHandler$UnaryServerCallListener.onHalfClose(ServerCalls.java:182)\r\n\tat io.grpc.PartialForwardingServerCallListener.onHalfClose(PartialForwardingServerCallListener.java:35)\r\n\tat io.grpc.ForwardingServerCallListener.onHalfClose(ForwardingServerCallListener.java:23)\r\n\tat io.grpc.ForwardingServerCallListener$SimpleForwardingServerCallListener.onHalfClose(ForwardingServerCallListener.java:40)\r\n\tat io.grpc.Contexts$ContextualizedServerCallListener.onHalfClose(Contexts.java:86)\r\n\tat io.grpc.PartialForwardingServerCallListener.onHalfClose(PartialForwardingServerCallListener.java:35)\r\n\tat io.grpc.ForwardingServerCallListener.onHalfClose(ForwardingServerCallListener.java:23)\r\n\tat io.grpc.ForwardingServerCallListener$SimpleForwardingServerCallListener.onHalfClose(ForwardingServerCallListener.java:40)\r\n\tat io.grpc.Contexts$ContextualizedServerCallListener.onHalfClose(Contexts.java:86)\r\n\tat io.grpc.internal.ServerCallImpl$ServerStreamListenerImpl.halfClosed(ServerCallImpl.java:356)\r\n\tat io.grpc.internal.ServerImpl$JumpToApplicationThreadServerStreamListener$1HalfClosed.runInContext(ServerImpl.java:861)\r\n\tat io.grpc.internal.ContextRunnable.run(ContextRunnable.java:37)\r\n\tat io.grpc.internal.SerializingExecutor.run(SerializingExecutor.java:133)\r\n\tat java.base/java.util.concurrent.ThreadPoolExecutor.runWorker(ThreadPoolExecutor.java:1144)\r\n\tat java.base/java.util.concurrent.ThreadPoolExecutor$Worker.run(ThreadPoolExecutor.java:642)\r\n\tat java.base/java.lang.Thread.run(Thread.java:1583)\r\nCaused by: com.google.firebase.firebear.client.JwtVerificationException: Invalid JWT Token. The JWT Token should consist of three parts separated by dot.\r\n\tat com.google.firebase.firebear.client.JwtToken.deserialize(JwtToken.java:124)\r\n\tat com.google.cloud.datastore.emulator.impl.context.EmulatorAuthorization.fromHeader(EmulatorAuthorization.java:101)\r\n\t... 23 more\r\n\r\n"}}
[debug] [2026-04-23T19:30:10.423Z] Apr 23, 2026 10:30:10 PM io.gapi.emulators.netty.HttpHandler$1 onError
INFO: Exception when handling request: INVALID_ARGUMENT: invalid jwt
 {"metadata":{"emulator":{"name":"firestore"},"message":"Apr 23, 2026 10:30:10 PM io.gapi.emulators.netty.HttpHandler$1 onError\r\nINFO: Exception when handling request: INVALID_ARGUMENT: invalid jwt\r\n"}}
[debug] [2026-04-23T19:30:10.536Z] Apr 23, 2026 10:30:10 PM io.netty.channel.DefaultChannelPipeline onUnhandledInboundException
WARNING: An exceptionCaught() event was fired, and it reached at the tail of the pipeline. It usually means the last handler in the pipeline did not handle the exception.
java.net.SocketException: Connection reset
	at java.base/sun.nio.ch.SocketChannelImpl.throwConnectionReset(SocketChannelImpl.java:401)
	at java.base/sun.nio.ch.SocketChannelImpl.read(SocketChannelImpl.java:434)
	at io.netty.buffer.PooledByteBuf.setBytes(PooledByteBuf.java:255)
	at io.netty.buffer.AbstractByteBuf.writeBytes(AbstractByteBuf.java:1132)
	at io.netty.channel.socket.nio.NioSocketChannel.doReadBytes(NioSocketChannel.java:356)
	at io.netty.channel.nio.AbstractNioByteChannel$NioByteUnsafe.read(AbstractNioByteChannel.java:151)
	at io.netty.channel.nio.NioEventLoop.processSelectedKey(NioEventLoop.java:796)
	at io.netty.channel.nio.NioEventLoop.processSelectedKeysOptimized(NioEventLoop.java:732)
	at io.netty.channel.nio.NioEventLoop.processSelectedKeys(NioEventLoop.java:658)
	at io.netty.channel.nio.NioEventLoop.run(NioEventLoop.java:562)
	at io.netty.util.concurrent.SingleThreadEventExecutor$4.run(SingleThreadEventExecutor.java:998)
	at io.netty.util.internal.ThreadExecutorMap$2.run(ThreadExecutorMap.java:74)
	at io.netty.util.concurrent.FastThreadLocalRunnable.run(FastThreadLocalRunnable.java:30)
	at java.base/java.lang.Thread.run(Thread.java:1583)

 {"metadata":{"emulator":{"name":"firestore"},"message":"Apr 23, 2026 10:30:10 PM io.netty.channel.DefaultChannelPipeline onUnhandledInboundException\r\nWARNING: An exceptionCaught() event was fired, and it reached at the tail of the pipeline. It usually means the last handler in the pipeline did not handle the exception.\r\njava.net.SocketException: Connection reset\r\n\tat java.base/sun.nio.ch.SocketChannelImpl.throwConnectionReset(SocketChannelImpl.java:401)\r\n\tat java.base/sun.nio.ch.SocketChannelImpl.read(SocketChannelImpl.java:434)\r\n\tat io.netty.buffer.PooledByteBuf.setBytes(PooledByteBuf.java:255)\r\n\tat io.netty.buffer.AbstractByteBuf.writeBytes(AbstractByteBuf.java:1132)\r\n\tat io.netty.channel.socket.nio.NioSocketChannel.doReadBytes(NioSocketChannel.java:356)\r\n\tat io.netty.channel.nio.AbstractNioByteChannel$NioByteUnsafe.read(AbstractNioByteChannel.java:151)\r\n\tat io.netty.channel.nio.NioEventLoop.processSelectedKey(NioEventLoop.java:796)\r\n\tat io.netty.channel.nio.NioEventLoop.processSelectedKeysOptimized(NioEventLoop.java:732)\r\n\tat io.netty.channel.nio.NioEventLoop.processSelectedKeys(NioEventLoop.java:658)\r\n\tat io.netty.channel.nio.NioEventLoop.run(NioEventLoop.java:562)\r\n\tat io.netty.util.concurrent.SingleThreadEventExecutor$4.run(SingleThreadEventExecutor.java:998)\r\n\tat io.netty.util.internal.ThreadExecutorMap$2.run(ThreadExecutorMap.java:74)\r\n\tat io.netty.util.concurrent.FastThreadLocalRunnable.run(FastThreadLocalRunnable.java:30)\r\n\tat java.base/java.lang.Thread.run(Thread.java:1583)\r\n\r\n"}}
[debug] [2026-04-23T19:30:29.832Z] Apr 23, 2026 10:30:29 PM io.gapi.emulators.netty.HttpVersionRoutingHandler channelRead
INFO: Detected non-HTTP/2 connection.
 {"metadata":{"emulator":{"name":"firestore"},"message":"Apr 23, 2026 10:30:29 PM io.gapi.emulators.netty.HttpVersionRoutingHandler channelRead\r\nINFO: Detected non-HTTP/2 connection.\r\n"}}
[debug] [2026-04-23T19:30:29.989Z] Apr 23, 2026 10:30:29 PM io.netty.channel.DefaultChannelPipeline onUnhandledInboundException
WARNING: An exceptionCaught() event was fired, and it reached at the tail of the pipeline. It usually means the last handler in the pipeline did not handle the exception.
java.net.SocketException: Connection reset
	at java.base/sun.nio.ch.SocketChannelImpl.throwConnectionReset(SocketChannelImpl.java:401)
	at java.base/sun.nio.ch.SocketChannelImpl.read(SocketChannelImpl.java:434)
	at io.netty.buffer.PooledByteBuf.setBytes(PooledByteBuf.java:255)
	at io.netty.buffer.AbstractByteBuf.writeBytes(AbstractByteBuf.java:1132)
	at io.netty.channel.socket.nio.NioSocketChannel.doReadBytes(NioSocketChannel.java:356)
	at io.netty.channel.nio.AbstractNioByteChannel$NioByteUnsafe.read(AbstractNioByteChannel.java:151)
	at io.netty.channel.nio.NioEventLoop.processSelectedKey(NioEventLoop.java:796)
	at io.netty.channel.nio.NioEventLoop.processSelectedKeysOptimized(NioEventLoop.java:732)
	at io.netty.channel.nio.NioEventLoop.processSelectedKeys(NioEventLoop.java:658)
	at io.netty.channel.nio.NioEventLoop.run(NioEventLoop.java:562)
	at io.netty.util.concurrent.SingleThreadEventExecutor$4.run(SingleThreadEventExecutor.java:998)
	at io.netty.util.internal.ThreadExecutorMap$2.run(ThreadExecutorMap.java:74)
	at io.netty.util.concurrent.FastThreadLocalRunnable.run(FastThreadLocalRunnable.java:30)
	at java.base/java.lang.Thread.run(Thread.java:1583)

 {"metadata":{"emulator":{"name":"firestore"},"message":"Apr 23, 2026 10:30:29 PM io.netty.channel.DefaultChannelPipeline onUnhandledInboundException\r\nWARNING: An exceptionCaught() event was fired, and it reached at the tail of the pipeline. It usually means the last handler in the pipeline did not handle the exception.\r\njava.net.SocketException: Connection reset\r\n\tat java.base/sun.nio.ch.SocketChannelImpl.throwConnectionReset(SocketChannelImpl.java:401)\r\n\tat java.base/sun.nio.ch.SocketChannelImpl.read(SocketChannelImpl.java:434)\r\n\tat io.netty.buffer.PooledByteBuf.setBytes(PooledByteBuf.java:255)\r\n\tat io.netty.buffer.AbstractByteBuf.writeBytes(AbstractByteBuf.java:1132)\r\n\tat io.netty.channel.socket.nio.NioSocketChannel.doReadBytes(NioSocketChannel.java:356)\r\n\tat io.netty.channel.nio.AbstractNioByteChannel$NioByteUnsafe.read(AbstractNioByteChannel.java:151)\r\n\tat io.netty.channel.nio.NioEventLoop.processSelectedKey(NioEventLoop.java:796)\r\n\tat io.netty.channel.nio.NioEventLoop.processSelectedKeysOptimized(NioEventLoop.java:732)\r\n\tat io.netty.channel.nio.NioEventLoop.processSelectedKeys(NioEventLoop.java:658)\r\n\tat io.netty.channel.nio.NioEventLoop.run(NioEventLoop.java:562)\r\n\tat io.netty.util.concurrent.SingleThreadEventExecutor$4.run(SingleThreadEventExecutor.java:998)\r\n\tat io.netty.util.internal.ThreadExecutorMap$2.run(ThreadExecutorMap.java:74)\r\n\tat io.netty.util.concurrent.FastThreadLocalRunnable.run(FastThreadLocalRunnable.java:30)\r\n\tat java.base/java.lang.Thread.run(Thread.java:1583)\r\n\r\n"}}
[debug] [2026-04-23T19:31:47.040Z] Apr 23, 2026 10:31:47 PM io.gapi.emulators.netty.HttpVersionRoutingHandler channelRead
INFO: Detected non-HTTP/2 connection.
 {"metadata":{"emulator":{"name":"firestore"},"message":"Apr 23, 2026 10:31:47 PM io.gapi.emulators.netty.HttpVersionRoutingHandler channelRead\r\nINFO: Detected non-HTTP/2 connection.\r\n"}}
[debug] [2026-04-23T19:33:15.642Z] Apr 23, 2026 10:33:15 PM io.gapi.emulators.netty.HttpVersionRoutingHandler channelRead
INFO: Detected non-HTTP/2 connection.
 {"metadata":{"emulator":{"name":"firestore"},"message":"Apr 23, 2026 10:33:15 PM io.gapi.emulators.netty.HttpVersionRoutingHandler channelRead\r\nINFO: Detected non-HTTP/2 connection.\r\n"}}
[debug] [2026-04-23T19:33:15.657Z] Apr 23, 2026 10:33:15 PM io.gapi.emulators.netty.HttpVersionRoutingHandler channelRead
INFO: Detected non-HTTP/2 connection.
 {"metadata":{"emulator":{"name":"firestore"},"message":"Apr 23, 2026 10:33:15 PM io.gapi.emulators.netty.HttpVersionRoutingHandler channelRead\r\nINFO: Detected non-HTTP/2 connection.\r\n"}}
[debug] [2026-04-23T19:33:34.857Z] Apr 23, 2026 10:33:34 PM io.gapi.emulators.netty.HttpVersionRoutingHandler channelRead
INFO: Detected non-HTTP/2 connection.
 {"metadata":{"emulator":{"name":"firestore"},"message":"Apr 23, 2026 10:33:34 PM io.gapi.emulators.netty.HttpVersionRoutingHandler channelRead\r\nINFO: Detected non-HTTP/2 connection.\r\n"}}
[debug] [2026-04-23T19:33:34.869Z] Apr 23, 2026 10:33:34 PM io.gapi.emulators.netty.HttpVersionRoutingHandler channelRead
INFO: Detected non-HTTP/2 connection.
 {"metadata":{"emulator":{"name":"firestore"},"message":"Apr 23, 2026 10:33:34 PM io.gapi.emulators.netty.HttpVersionRoutingHandler channelRead\r\nINFO: Detected non-HTTP/2 connection.\r\n"}}
[debug] [2026-04-23T19:43:00.600Z] [work-queue] {"queuedWork":["/arrivio-271aa/europe-west3/enterQueue-2026-04-23T19:43:00.600Z"],"queueLength":1,"runningWork":[],"workRunningCount":0}
[debug] [2026-04-23T19:43:00.600Z] [work-queue] {"queuedWork":[],"queueLength":0,"runningWork":["/arrivio-271aa/europe-west3/enterQueue-2026-04-23T19:43:00.600Z"],"workRunningCount":1}
[debug] [2026-04-23T19:43:00.601Z] [work-queue] {"queuedWork":[],"queueLength":0,"runningWork":[],"workRunningCount":0}
[debug] [2026-04-23T19:43:00.608Z] [work-queue] {"queuedWork":["/arrivio-271aa/europe-west3/enterQueue-2026-04-23T19:43:00.608Z"],"queueLength":1,"runningWork":[],"workRunningCount":0}
[debug] [2026-04-23T19:43:00.608Z] [work-queue] {"queuedWork":[],"queueLength":0,"runningWork":["/arrivio-271aa/europe-west3/enterQueue-2026-04-23T19:43:00.608Z"],"workRunningCount":1}
[debug] [2026-04-23T19:43:00.608Z] [work-queue] {"queuedWork":[],"queueLength":0,"runningWork":[],"workRunningCount":0}
[debug] [2026-04-23T19:43:00.612Z] [work-queue] {"queuedWork":["/arrivio-271aa/europe-west3/enterQueue-2026-04-23T19:43:00.612Z"],"queueLength":1,"runningWork":[],"workRunningCount":0}
[debug] [2026-04-23T19:43:00.612Z] [work-queue] {"queuedWork":[],"queueLength":0,"runningWork":["/arrivio-271aa/europe-west3/enterQueue-2026-04-23T19:43:00.612Z"],"workRunningCount":1}
[debug] [2026-04-23T19:43:00.612Z] [work-queue] {"queuedWork":[],"queueLength":0,"runningWork":[],"workRunningCount":0}
[debug] [2026-04-23T19:43:00.615Z] [work-queue] {"queuedWork":["/arrivio-271aa/europe-west3/enterQueue-2026-04-23T19:43:00.615Z"],"queueLength":1,"runningWork":[],"workRunningCount":0}
[debug] [2026-04-23T19:43:00.615Z] [work-queue] {"queuedWork":[],"queueLength":0,"runningWork":["/arrivio-271aa/europe-west3/enterQueue-2026-04-23T19:43:00.615Z"],"workRunningCount":1}
[debug] [2026-04-23T19:43:00.615Z] [work-queue] {"queuedWork":[],"queueLength":0,"runningWork":[],"workRunningCount":0}
[debug] [2026-04-23T19:43:00.618Z] [work-queue] {"queuedWork":["/arrivio-271aa/europe-west3/enterQueue-2026-04-23T19:43:00.618Z"],"queueLength":1,"runningWork":[],"workRunningCount":0}
[debug] [2026-04-23T19:43:00.618Z] [work-queue] {"queuedWork":[],"queueLength":0,"runningWork":["/arrivio-271aa/europe-west3/enterQueue-2026-04-23T19:43:00.618Z"],"workRunningCount":1}
[debug] [2026-04-23T19:43:00.618Z] [work-queue] {"queuedWork":[],"queueLength":0,"runningWork":[],"workRunningCount":0}
[debug] [2026-04-23T19:45:27.271Z] [work-queue] {"queuedWork":["/arrivio-271aa/europe-west3/enterQueue-2026-04-23T19:45:27.271Z"],"queueLength":1,"runningWork":[],"workRunningCount":0}
[debug] [2026-04-23T19:45:27.271Z] [work-queue] {"queuedWork":[],"queueLength":0,"runningWork":["/arrivio-271aa/europe-west3/enterQueue-2026-04-23T19:45:27.271Z"],"workRunningCount":1}
[debug] [2026-04-23T19:45:27.272Z] [work-queue] {"queuedWork":[],"queueLength":0,"runningWork":[],"workRunningCount":0}
[debug] [2026-04-23T19:45:27.280Z] [work-queue] {"queuedWork":["/arrivio-271aa/europe-west3/enterQueue-2026-04-23T19:45:27.280Z"],"queueLength":1,"runningWork":[],"workRunningCount":0}
[debug] [2026-04-23T19:45:27.280Z] [work-queue] {"queuedWork":[],"queueLength":0,"runningWork":["/arrivio-271aa/europe-west3/enterQueue-2026-04-23T19:45:27.280Z"],"workRunningCount":1}
[debug] [2026-04-23T19:45:27.281Z] [work-queue] {"queuedWork":[],"queueLength":0,"runningWork":[],"workRunningCount":0}
[debug] [2026-04-23T19:45:27.283Z] [work-queue] {"queuedWork":["/arrivio-271aa/europe-west3/enterQueue-2026-04-23T19:45:27.283Z"],"queueLength":1,"runningWork":[],"workRunningCount":0}
[debug] [2026-04-23T19:45:27.283Z] [work-queue] {"queuedWork":[],"queueLength":0,"runningWork":["/arrivio-271aa/europe-west3/enterQueue-2026-04-23T19:45:27.283Z"],"workRunningCount":1}
[debug] [2026-04-23T19:45:27.283Z] [work-queue] {"queuedWork":[],"queueLength":0,"runningWork":[],"workRunningCount":0}
[debug] [2026-04-23T19:45:27.287Z] [work-queue] {"queuedWork":["/arrivio-271aa/europe-west3/enterQueue-2026-04-23T19:45:27.287Z"],"queueLength":1,"runningWork":[],"workRunningCount":0}
[debug] [2026-04-23T19:45:27.287Z] [work-queue] {"queuedWork":[],"queueLength":0,"runningWork":["/arrivio-271aa/europe-west3/enterQueue-2026-04-23T19:45:27.287Z"],"workRunningCount":1}
[debug] [2026-04-23T19:45:27.287Z] [work-queue] {"queuedWork":[],"queueLength":0,"runningWork":[],"workRunningCount":0}
[debug] [2026-04-23T19:45:27.290Z] [work-queue] {"queuedWork":["/arrivio-271aa/europe-west3/enterQueue-2026-04-23T19:45:27.290Z"],"queueLength":1,"runningWork":[],"workRunningCount":0}
[debug] [2026-04-23T19:45:27.290Z] [work-queue] {"queuedWork":[],"queueLength":0,"runningWork":["/arrivio-271aa/europe-west3/enterQueue-2026-04-23T19:45:27.290Z"],"workRunningCount":1}
[debug] [2026-04-23T19:45:27.290Z] [work-queue] {"queuedWork":[],"queueLength":0,"runningWork":[],"workRunningCount":0}
